-- phpMyAdmin SQL Dump
-- version 5.1.1
-- https://www.phpmyadmin.net/
--
-- Servidor: 127.0.0.1:3306
-- Tiempo de generación: 27-02-2023 a las 19:01:10
-- Versión del servidor: 5.7.36
-- Versión de PHP: 7.4.26

SET SQL_MODE = "NO_AUTO_VALUE_ON_ZERO";
START TRANSACTION;
SET time_zone = "+00:00";


/*!40101 SET @OLD_CHARACTER_SET_CLIENT=@@CHARACTER_SET_CLIENT */;
/*!40101 SET @OLD_CHARACTER_SET_RESULTS=@@CHARACTER_SET_RESULTS */;
/*!40101 SET @OLD_COLLATION_CONNECTION=@@COLLATION_CONNECTION */;
/*!40101 SET NAMES utf8mb4 */;

--
-- Base de datos: `gestionhumana`
--

-- --------------------------------------------------------

--
-- Estructura de tabla para la tabla `arl`
--

DROP TABLE IF EXISTS `arl`;
CREATE TABLE IF NOT EXISTS `arl` (
  `id` int(11) NOT NULL AUTO_INCREMENT,
  `nombre` varchar(100) COLLATE utf8_spanish2_ci NOT NULL,
  PRIMARY KEY (`id`)
) ENGINE=MyISAM AUTO_INCREMENT=4 DEFAULT CHARSET=utf8 COLLATE=utf8_spanish2_ci;

--
-- Volcado de datos para la tabla `arl`
--

INSERT INTO `arl` (`id`, `nombre`) VALUES
(1, 'Colmena'),
(2, 'Positiva'),
(3, 'Sura');

-- --------------------------------------------------------

--
-- Estructura de tabla para la tabla `barrio`
--

DROP TABLE IF EXISTS `barrio`;
CREATE TABLE IF NOT EXISTS `barrio` (
  `id` int(10) UNSIGNED NOT NULL AUTO_INCREMENT,
  `nombre` text NOT NULL,
  `codigo` varchar(20) DEFAULT NULL,
  `codigo_comuna` int(11) DEFAULT NULL,
  PRIMARY KEY (`id`)
) ENGINE=InnoDB AUTO_INCREMENT=324 DEFAULT CHARSET=latin1;

--
-- Volcado de datos para la tabla `barrio`
--

INSERT INTO `barrio` (`id`, `nombre`, `codigo`, `codigo_comuna`) VALUES
(1, 'Santo Domingo Savio No. 1', '101', 1),
(2, 'Santo Domingo Savio No. 2', '102', 1),
(3, 'Popular', '103', 1),
(4, 'Granizal', '104', 1),
(5, 'Moscú No. 2', '105', 1),
(6, 'Villa de Guadalupe', '106', 1),
(7, 'San Pablo', '107', 1),
(8, 'El Compromiso', '108', 1),
(9, 'Aldea Pablo VI', '109', 1),
(10, 'La Esperanza No. 2', '110', 1),
(11, 'La Avanzada', '111', 1),
(12, 'Carpinelo', '112', 1),
(13, 'La Isla', '201', 2),
(14, 'El Playón de los Comuneros', '202', 2),
(15, 'Pablo VI', '203', 2),
(16, 'La Frontera', '204', 2),
(17, 'La Francia', '205', 2),
(18, 'Andalucía', '206', 2),
(19, 'Villa del Socorro', '207', 2),
(20, 'Villa Niza', '208', 2),
(21, 'Moscú No.1', '209', 2),
(22, 'Santa Cruz', '210', 2),
(23, 'La Rosa', '211', 2),
(24, 'La Salle', '301', 3),
(25, 'Las Granjas', '302', 3),
(26, 'Campo Valdés No. 2', '303', 3),
(27, 'Santa Inés', '304', 3),
(28, 'Raizal', '305', 3),
(29, 'El Pomar', '306', 3),
(30, 'Manrique Central No 0.2', '307', 3),
(31, 'Manrique Oriental', '308', 3),
(32, 'Versalles No.1', '309', 3),
(33, 'Versalles No.2', '310', 3),
(34, 'La Cruz', '311', 3),
(35, 'Oriente', '312', 3),
(36, 'María Cano Carambolas', '313', 3),
(37, 'San José de la Cima No.1', '314', 3),
(38, 'San José de la Cima No.2', '315', 3),
(39, 'Berlín', '401', 4),
(40, 'San Isidro', '402', 4),
(41, 'Palermo', '403', 4),
(42, 'Bermejal Los Álamos', '404', 4),
(43, 'Moravia', '405', 4),
(44, 'Sevilla', '407', 4),
(45, 'San Pedro', '408', 4),
(46, 'Manrique Central No.1', '409', 4),
(47, 'Campo Valdés No.1', '410', 4),
(48, 'Las Esmeraldas', '411', 4),
(49, 'La Piñuela', '412', 4),
(50, 'Aranjuez', '413', 4),
(51, 'Brasilia', '414', 4),
(52, 'Miranda', '415', 4),
(53, 'Jardín Botánico', 'Inst_10', 4),
(54, 'Parque Norte', 'Inst_9', 4),
(55, 'Universidad de Antioquia', 'Inst_11', 4),
(56, 'Toscana', '501', 5),
(57, 'Las Brisas', '502', 5),
(58, 'Florencia', '503', 5),
(59, 'Téjelo', '504', 5),
(60, 'Boyacá', '505', 5),
(61, 'Héctor Abad Gómez', '507', 5),
(62, 'Belalcázar', '508', 5),
(63, 'Girardot', '509', 5),
(64, 'Tricentenario', '510', 5),
(65, 'Castilla', '511', 5),
(66, 'Francisco Antonio Zea', '513', 5),
(67, 'Alfonso López', '514', 5),
(68, 'Caribe', '517', 5),
(69, 'El Progreso', '519', 5),
(70, 'Cementerio Universal', 'Inst_3', 5),
(71, 'Oleoducto', 'Inst_2', 5),
(72, 'Terminal de Transporte', 'Inst_4', 5),
(73, 'Plaza de Ferias', 'Inst_1', 5),
(74, 'Santander', '601', 6),
(75, 'Doce de Octubre No.1', '602', 6),
(76, 'Doce de Octubre No.2', '603', 6),
(77, 'Pedregal', '604', 6),
(78, 'La Esperanza', '605', 6),
(79, 'San Martín de Porres', '606', 6),
(80, 'Kennedy', '607', 6),
(81, 'Picacho', '608', 6),
(82, 'Picachito', '609', 6),
(83, 'Mirador del Doce', '610', 6),
(84, 'El Progreso No.2', '611', 6),
(85, 'El Triunfo', '612', 6),
(86, 'Cerro El Volador', '702', 7),
(87, 'San Germán', '703', 7),
(88, 'Facultad de Minas Universidad Nacional', '705', 7),
(89, 'La Pilarica', '706', 7),
(90, 'Bosques de San Pablo', '707', 7),
(91, 'Altamira', '708', 7),
(92, 'Córdoba', '709', 7),
(93, 'López de Mesa', '710', 7),
(94, 'El Diamante', '711', 7),
(95, 'Aures No.2', '712', 7),
(96, 'Aures No.1', '713', 7),
(97, 'Bello Horizonte', '714', 7),
(98, 'Villa Flora', '715', 7),
(99, 'Palenque', '716', 7),
(100, 'Robledo', '717', 7),
(101, 'Cucaracho', '718', 7),
(102, 'Fuente Clara', '719', 7),
(103, 'Santa Margarita', '720', 7),
(104, 'Olaya Herrera', '722', 7),
(105, 'Pajarito', '723', 7),
(106, 'Monteclaro', '724', 7),
(107, 'Nueva Villa de la Iguaná', '725', 7),
(108, 'Facultad Veterinaria y Zootecnia U.de.A.', 'Inst_6', 7),
(109, 'Villas Hermosa', '801', 8),
(110, 'La Mansión', '802', 8),
(111, 'San Miguel', '803', 8),
(112, 'La Ladera', '804', 8),
(113, 'Batallón Girardot', '805', 8),
(114, 'Llanaditas', '806', 8),
(115, 'Los Mangos', '807', 8),
(116, 'Enciso', '808', 8),
(117, 'Sucre', '809', 8),
(118, 'El Pinal', '810', 8),
(119, 'Trece de Noviembre', '811', 8),
(120, 'La Libertad', '812', 8),
(121, 'Villatina', '813', 8),
(122, 'San Antonio', '814', 8),
(123, 'Las Estancias', '815', 8),
(124, 'Villa Turbay', '816', 8),
(125, 'La Sierra', '817', 8),
(126, 'Villa Liliam', '819', 8),
(127, 'Juan Pablo II', '901', 9),
(128, 'Barrios de Jesús', '902', 9),
(129, 'Bomboná No.2', '903', 9),
(130, 'Los Cerros El Vergel', '904', 9),
(131, 'Alejandro Echavarría', '905', 9),
(132, 'Barrio Caicedo', '906', 9),
(133, 'Buenos Aires', '907', 9),
(134, 'Miraflores', '908', 9),
(135, 'Cataluña', '909', 9),
(136, 'La Milagrosa', '910', 9),
(137, 'Gerona', '911', 9),
(138, 'El Salvador', '912', 9),
(139, 'Loreto', '913', 9),
(140, 'Asomadera No.1', '914', 9),
(141, 'Asomadera No.2', '915', 9),
(142, 'Asomadera No.3', '916', 9),
(143, 'Ocho de Marzo', '917', 9),
(144, 'Prado', '1001', 10),
(145, 'Jesús Nazareno', '1003', 10),
(146, 'El Chagualo', '1004', 10),
(147, 'Estación Villa', '1005', 10),
(148, 'San Benito', '1006', 10),
(149, 'Guayaquil', '1007', 10),
(150, 'Corazón de Jesús', '1008', 10),
(151, 'Calle Nueva', '1011', 10),
(152, 'Perpetuo Socorro', '1012', 10),
(153, 'Barrio Colón', '1013', 10),
(154, 'Las Palmas', '1014', 10),
(155, 'Bomboná No.1', '1015', 10),
(156, 'Boston', '1016', 10),
(157, 'Los Ángeles', '1017', 10),
(158, 'Villa Nueva', '1018', 10),
(159, 'La Candelaria', '1019', 10),
(160, 'San Diego', '1020', 10),
(161, 'Centro Administrativo', 'Inst_17', 10),
(162, 'Hospital San Vicente de Paúl', 'Inst_12', 10),
(163, 'La Alpujarra', 'Inst_16', 10),
(164, 'Carlos E. Restrepo', '1101', 11),
(165, 'Suramericana', '1102', 11),
(166, 'Naranjal', '1103', 11),
(167, 'San Joaquín', '1104', 11),
(168, 'Los Conquistadores', '1105', 11),
(169, 'Bolivariana', '1107', 11),
(170, 'Laureles', '1108', 11),
(171, 'Las Acacias', '1109', 11),
(172, 'La Castellana', '1110', 11),
(173, 'Lorena', '1111', 11),
(174, 'El Velódromo', '1112', 11),
(175, 'Estadio', '1113', 11),
(176, 'Los Colores', '1114', 11),
(177, 'Cuarta Brigada', '1115', 11),
(178, 'Florida Nueva', '1117', 11),
(179, 'Ferrini', '1201', 12),
(180, 'Calasanz', '1202', 12),
(181, 'Los Pinos', '1203', 12),
(182, 'La América', '1204', 12),
(183, 'La Floresta', '1205', 12),
(184, 'Santa Lucía', '1206', 12),
(185, 'El Danubio', '1207', 12),
(186, 'Campo Alegre', '1208', 12),
(187, 'Santa Mónica', '1209', 12),
(188, 'Barrio Cristóbal', '1210', 12),
(189, 'Simón Bolívar', '1211', 12),
(190, 'Santa Teresita', '1212', 12),
(191, 'Calasanz Parte Alta', '1213', 12),
(192, 'El Pesebre', '1301', 13),
(193, 'Blanquizal', '1302', 13),
(194, 'Santa Rosa de Lima', '1303', 13),
(195, 'Los Alcázares', '1304', 13),
(196, 'Metropolitano', '1305', 13),
(197, 'La Pradera', '1306', 13),
(198, 'Juan XXIII La Quiebra', '1307', 13),
(199, 'San Javier No.2', '1308', 13),
(200, 'San Javier No.1', '1309', 13),
(201, 'Veinte de Julio', '1310', 13),
(202, 'Belencito', '1311', 13),
(203, 'Betania', '1312', 13),
(204, 'El Corazón', '1313', 13),
(205, 'La Independencia', '1314', 13),
(206, 'Nuevos Conquistadores', '1315', 13),
(207, 'El Salado', '1316', 13),
(208, 'Eduardo Santos', '1317', 13),
(209, 'Antonio Nariño', '1318', 13),
(210, 'El Socorro', '1319', 13),
(211, 'Barrio Colombia', '1401', 14),
(212, 'Villa Carlota', '1403', 14),
(213, 'Castropol', '1404', 14),
(214, 'Lalinde', '1405', 14),
(215, 'Las Lomas No.1', '1406', 14),
(216, 'Las Lomas No.2', '1407', 14),
(217, 'Altos del Poblado', '1408', 14),
(218, 'El Tesoro', '1409', 14),
(219, 'Los Naranjos', '1410', 14),
(220, 'Los Balsos No.1', '1411', 14),
(221, 'San Lucas', '1412', 14),
(222, 'El Diamante No.2', '1413', 14),
(223, 'El Castillo', '1414', 14),
(224, 'Los Balsos No.2', '1415', 14),
(225, 'Alejandría', '1416', 14),
(226, 'La Florida', '1417', 14),
(227, 'El Poblado', '1418', 14),
(228, 'Manila', '1419', 14),
(229, 'Astorga', '1420', 14),
(230, 'Patio Bonito', '1421', 14),
(231, 'La Aguacatala', '1422', 14),
(232, 'Santa María de los Ángeles', '1423', 14),
(233, 'Tenche', '1502', 15),
(234, 'Trinidad', '1503', 15),
(235, 'Santa Fé', '1504', 15),
(236, 'Campo Amor', '1507', 15),
(237, 'Cristo Rey', '1509', 15),
(238, 'Guayabal', '1510', 15),
(239, 'La Colina', '1511', 15),
(240, 'El Rodeo', 'Inst_20', 15),
(241, 'Parque Juan Pablo II', 'Inst_19', 15),
(242, 'Fátima', '1601', 16),
(243, 'Rosales', '1602', 16),
(244, 'Belén', '1603', 16),
(245, 'Granada', '1604', 16),
(246, 'San Bernardo', '1605', 16),
(247, 'Las Playas', '1606', 16),
(248, 'Diego Echavarría', '1607', 16),
(249, 'La Mota', '1608', 16),
(250, 'La Hondonada', '1609', 16),
(251, 'El Rincón', '1610', 16),
(252, 'La Loma de Los Bernal', '1611', 16),
(253, 'La Gloria', '1612', 16),
(254, 'Altavista', '1613', 16),
(255, 'La Palma', '1614', 16),
(256, 'Los Alpes', '1615', 16),
(257, 'Las Violetas', '1616', 16),
(258, 'Las Mercedes', '1617', 16),
(259, 'Nueva Villa del Aburrá', '1618', 16),
(260, 'Miravalle', '1619', 16),
(261, 'El Nogal - Los Almendros', '1620', 16),
(262, 'Cerro Nutibara', '1621', 16),
(263, 'Urquita', '5003', 50),
(264, 'Potrera Miserenga', '5008', 50),
(265, 'Palmitas Sector Central', '5004', 50),
(266, 'La Sucia', '5002', 50),
(267, 'La Aldea', '5007', 50),
(268, 'La Frisola', '5006', 50),
(269, 'Volcana Guayabal', '5005', 50),
(270, 'La Suiza', '5001', 50),
(271, 'Boquerón', '6006', 60),
(272, 'El Carmelo', '6010', 60),
(273, 'La Ilusión', '6008', 60),
(274, 'La Palma', '6001', 60),
(275, 'Pajarito', 'AE1', 60),
(276, 'La Loma', '6014', 60),
(277, 'Yolombo', '6009', 60),
(278, 'El Picacho', '6011', 60),
(279, 'La Cuchilla', '6004', 60),
(280, 'El LLano', '6017', 60),
(281, 'San José de la Montaña', '6007', 60),
(282, 'Naranjal', '6005', 60),
(283, 'El Uvito', '6003', 60),
(284, 'Travesías', '6016', 60),
(285, 'Pedregal Alto', '6013', 60),
(286, 'El Patio', '6002', 60),
(287, 'Las Playas', '6015', 60),
(288, 'San Cristóbal', 'AE2', 60),
(289, 'Eduardo Santos', 'AE3', 60),
(290, 'Cabecera Urbana Corregimiento San Cristóbal', 'AUC1', 60),
(291, 'San Pablo', '7004', 70),
(292, 'Aguas Frías', '7002', 70),
(293, 'Altavista Sector Central', '7005', 70),
(294, 'Buga Patio Bonito', '7001', 70),
(295, 'La Esperanza', '7006', 70),
(296, 'El Jardín', '7008', 70),
(297, 'El Noral', 'AE4', 70),
(298, 'El Corazón El Morro', '7003', 70),
(299, 'Altavista', 'AE5', 70),
(300, 'Belén Rincón', 'AE6', 70),
(301, 'San José del Manzanillo', '7007', 70),
(302, 'El Salado', '8006', 80),
(303, 'La Verde', '8007', 80),
(304, 'Montañita', '8003', 80),
(305, 'La Florida', '8001', 80),
(306, 'San José', '8008', 80),
(307, 'El Astillero', '8005', 80),
(308, 'Potrerito', '8002', 80),
(309, 'San Antonio de Prado', 'AE7', 80),
(310, 'Yarumalito', '8004', 80),
(311, 'Media Luna', '9002', 90),
(312, 'Barro Blanco', '9004', 90),
(313, 'Piedra Gorda', '9010', 90),
(314, 'El Placer', '9005', 90),
(315, 'Las Palmas', '9001', 90),
(316, 'Santa Elena Sector Central', '9006', 90),
(317, 'El Plan', '9009', 90),
(318, 'El LLano SE', '9008', 90),
(319, 'El Cerro', '9007', 90),
(320, 'Mazo', '9011', 90),
(321, 'Piedras Blancas - Matasano', '9003', 90),
(322, 'La Gabriela', '1320', 13),
(323, 'No aplica', '9999', 99);

-- --------------------------------------------------------

--
-- Estructura de tabla para la tabla `cesantias`
--

DROP TABLE IF EXISTS `cesantias`;
CREATE TABLE IF NOT EXISTS `cesantias` (
  `id` int(11) NOT NULL AUTO_INCREMENT,
  `nombre` varchar(100) COLLATE utf8_spanish2_ci NOT NULL,
  PRIMARY KEY (`id`)
) ENGINE=MyISAM AUTO_INCREMENT=10 DEFAULT CHARSET=utf8 COLLATE=utf8_spanish2_ci;

--
-- Volcado de datos para la tabla `cesantias`
--

INSERT INTO `cesantias` (`id`, `nombre`) VALUES
(1, 'Colfondos  '),
(2, 'Colmena '),
(3, 'Colpatria '),
(4, 'Colpensiones '),
(5, 'Fondo Nacional Del Ahorro '),
(6, 'Jubilado '),
(7, ' Protección '),
(8, 'Porvenir '),
(9, 'Sura ');

-- --------------------------------------------------------

--
-- Estructura de tabla para la tabla `comuna`
--

DROP TABLE IF EXISTS `comuna`;
CREATE TABLE IF NOT EXISTS `comuna` (
  `id` int(10) UNSIGNED NOT NULL AUTO_INCREMENT,
  `nombre` text NOT NULL,
  `codigo` int(11) DEFAULT NULL,
  `prioriza` varchar(20) DEFAULT NULL,
  `prioriza2` varchar(20) DEFAULT NULL,
  PRIMARY KEY (`id`)
) ENGINE=InnoDB AUTO_INCREMENT=23 DEFAULT CHARSET=latin1;

--
-- Volcado de datos para la tabla `comuna`
--

INSERT INTO `comuna` (`id`, `nombre`, `codigo`, `prioriza`, `prioriza2`) VALUES
(1, '1 - POPULAR', 1, '1', '0'),
(2, '2 - SANTA CRUZ', 2, '1', '0'),
(3, '3 - MANRIQUE', 3, '1', '0'),
(4, '4 - ARANJUEZ', 4, '1', '0'),
(5, '5 - CASTILLA', 5, '1', '0'),
(6, '6 - DOCE DE OCTUBRE', 6, '1', '0'),
(7, '7 - ROBLEDO', 7, '1', '1'),
(8, '8 - VILLA HERMOSA', 8, '1', '1'),
(9, '9 - BUENOS AIRES', 9, '1', '0'),
(10, '10 - LA CANDELARIA', 10, '1', '1'),
(11, '11 - LAURELES/ESTADIO', 11, '1', '1'),
(12, '12 - LA AMERICA', 12, '1', '1'),
(13, '13 - SAN JAVIER', 13, '1', '0'),
(14, '14 - POBLADO', 14, '1', '1'),
(15, '15 - GUAYABAL', 15, '1', '1'),
(16, '16 - BELEN', 16, '1', '1'),
(17, '50 - SAN SEBASTIAN DE PALMITAS', 50, '1', '0'),
(18, '60 - SAN CRISTOBAL', 60, '1', '0'),
(19, '70 - ALTAVISTA', 70, '1', '0'),
(20, '80 - SAN ANTONIO DE PRADO', 80, '1', '0'),
(21, '90 - SANTA ELENA', 90, '1', '0'),
(22, '00 - No aplica', 99, NULL, NULL);

-- --------------------------------------------------------

--
-- Estructura de tabla para la tabla `demograficos`
--

DROP TABLE IF EXISTS `demograficos`;
CREATE TABLE IF NOT EXISTS `demograficos` (
  `id_empleado` int(11) NOT NULL AUTO_INCREMENT,
  `nombre` varchar(50) CHARACTER SET latin1 NOT NULL,
  `apellidos` varchar(50) CHARACTER SET latin1 NOT NULL,
  `cedula` int(11) NOT NULL,
  `correoPersonal` varchar(255) CHARACTER SET latin1 NOT NULL,
  `genero` varchar(25) CHARACTER SET latin1 NOT NULL,
  `fechaNacimiento` date NOT NULL,
  `direccion` varchar(50) CHARACTER SET latin1 NOT NULL,
  `estrato` varchar(20) CHARACTER SET latin1 NOT NULL,
  `telefono` varchar(20) CHARACTER SET latin1 NOT NULL,
  `tipoVivienda` varchar(50) CHARACTER SET latin1 NOT NULL,
  `estadoCivil` varchar(50) CHARACTER SET latin1 NOT NULL,
  `nivelFormacion` varchar(50) CHARACTER SET latin1 NOT NULL,
  `tituloObtenido` varchar(50) CHARACTER SET latin1 NOT NULL,
  `nombreConyuge` varchar(50) CHARACTER SET latin1 NOT NULL,
  `condicionEspecial` varchar(8) CHARACTER SET latin1 NOT NULL,
  `departamentoNaci` varchar(100) COLLATE utf8_spanish2_ci NOT NULL,
  `departamentoResi` varchar(100) COLLATE utf8_spanish2_ci NOT NULL,
  `paisNaci` varchar(30) COLLATE utf8_spanish2_ci NOT NULL,
  `municipioResi` varchar(30) COLLATE utf8_spanish2_ci NOT NULL,
  `municipioNaci` varchar(30) COLLATE utf8_spanish2_ci NOT NULL,
  PRIMARY KEY (`id_empleado`)
) ENGINE=InnoDB AUTO_INCREMENT=92 DEFAULT CHARSET=utf8 COLLATE=utf8_spanish2_ci;

--
-- Volcado de datos para la tabla `demograficos`
--

INSERT INTO `demograficos` (`id_empleado`, `nombre`, `apellidos`, `cedula`, `correoPersonal`, `genero`, `fechaNacimiento`, `direccion`, `estrato`, `telefono`, `tipoVivienda`, `estadoCivil`, `nivelFormacion`, `tituloObtenido`, `nombreConyuge`, `condicionEspecial`, `departamentoNaci`, `departamentoResi`, `paisNaci`, `municipioResi`, `municipioNaci`) VALUES
(1, 'john', 'Ferla', 44545455, 'john@ferla.com', 'Hombre', '2022-12-30', 'Cra. 57 #51-83', '2', '45760000', 'Propia', 'Casado', 'Bachiller', 'Técnico', 'Carolina', '', '', '', '', '', ''),
(2, '6', '76', 544, '7676@jaja.com', 'Hombre', '2021-11-30', '7878', '878778', '8778', 'Propia', 'Casado', 'Bachiller', '78676', 'Ninguno', '', '', '', '', '', ''),
(3, 'Emerson', 'Machado', 55412558, 'magodelsilencio05@hormail.com', 'Hombre', '2022-12-31', 'Cra. 57 #51-83', '2', '45760000', 'Propia', 'Casado', 'Bachiller', '78676', '', '', '', '', '', '', ''),
(4, 'Mario', 'Garcia', 445522, 'mario@dac.com', 'Hombre', '2022-12-31', 'CL 31 CR 42A 30', '2', '3215478596', 'Propia', 'Casado', 'Técnico', 'Técnico', 'martha Cossio', '', '', '', '', '', ''),
(5, 'ii', 'i', 666, 'ii@jja.com', 'Hombre', '2024-03-03', '98889', '93', '787877', 'Propia', 'Casado', 'Bachiller', '878', '878', '', '', '', '', '', ''),
(6, '77', '77', 77, '7676@jaja.com', 'Mujer', '2000-01-01', '77', '7', '77', 'Propia', 'Casado', 'Bachiller', '77', '77', '', '', '', '', '', ''),
(7, 'iiio', 'ioiooi', 67676, 'oiiooi@kkjs.com', 'Mujer', '2000-01-01', '888', '8', '88', 'Propia', 'Unión libre', 'Profesional', '888', '888', '', '', '', '', '', ''),
(8, '444', '444', 44, '44@44.com', 'Hombre', '2020-04-04', '44', '4', '44', 'Propia', 'Casado', 'Bachiller', '44', '44', '', '', '', '', '', ''),
(9, 'Duván', 'Carmona', 2354125, 'dacarmona679@misena.edu.co', 'Hombre', '2000-02-22', 'Cra. 57 #51-83', '2', '45760000', 'Alquilada', 'Unión libre', 'Bachiller', '22', '22', '', '', '', '', '', ''),
(10, 'Duván', 'Carmona', 22, 'dacarmona679@misena.edu.co', 'Hombre', '2000-02-22', 'Cra. 57 #51-83', '2', '45760000', 'Propia', 'Unión libre', 'Bachiller', '22', '22', '', '', '', '', '', ''),
(11, '55', '55', 55, '55@55.com', 'Hombre', '2023-02-02', 'Cra. 57 #51-83', '5', '45760000', 'Alquilada', 'Unión libre', 'Profesional', '55', '55', '', '', '', '', '', ''),
(12, '66', '66', 6, '6@hh.com', 'Mujer', '2000-06-06', '66', '6', '66', 'Propia', 'Casado', 'Técnico', '66', '66', '', '', '', '', '', ''),
(13, 'Duván', 'Carmona', 2354125, 'magodelsilencio05@hormail.com', 'Mujer', '2022-02-03', 'Cra. 57 #51-83', '1', '45760000', 'Propia', 'Unión libre', 'Técnico', '888', 'martha Cossio', '', '', '', '', '', ''),
(14, 'Duván', 'Carmona', 2354125, 'dacarmona679@misena.edu.co', 'Hombre', '2022-02-03', 'Cra. 57 #51-83', '1', '45760000', 'Familiar', 'Soltero', 'Tecnológo', '888', 'martha Cossio', '', '', '', '', '', ''),
(15, 'Duván', 'Carmona', 2354125, 'dacarmona679@misena.edu.co', 'Hombre', '2022-02-03', 'Cra. 57 #51-83', '1', '45760000', 'Familiar', 'Soltero', 'Tecnológo', '888', 'martha Cossio', '', '', '', '', '', ''),
(16, 'Duván', 'Carmona', 2354125, 'dacarmona679@misena.edu.co', 'Hombre', '2022-02-03', 'Cra. 57 #51-83', '1', '45760000', 'Familiar', 'Soltero', 'Tecnológo', '888', 'martha Cossio', '', '', '', '', '', ''),
(17, 'Duván', 'Carmona', 2354125, 'dacarmona679@misena.edu.co', 'Mujer', '2022-02-04', 'Cra. 57 #51-83', '2', '45760000', 'Propia', 'Casado', 'Bachiller', '44', '888', '', '', '', '', '', ''),
(18, 'Duván', 'Carmona', 2354125, 'dacarmona679@misena.edu.co', 'Mujer', '2022-02-04', 'Cra. 57 #51-83', '2', '45760000', 'Propia', 'Casado', 'Bachiller', '44', '888', '', '', '', '', '', ''),
(19, 'Duván', 'Carmona', 2354125, 'dacarmona679@misena.edu.co', 'Mujer', '2022-02-04', 'Cra. 57 #51-83', '2', '45760000', 'Propia', 'Casado', 'Bachiller', '44', '888', '', '', '', '', '', ''),
(20, 'Duván', 'Carmona', 2354125, 'dacarmona679@misena.edu.co', 'Mujer', '2022-02-04', 'Cra. 57 #51-83', '2', '45760000', 'Propia', 'Casado', 'Bachiller', '44', '888', '', '', '', '', '', ''),
(21, 'Duván', 'Carmona', 2354125, 'dacarmona679@misena.edu.co', 'Mujer', '2022-02-04', 'Cra. 57 #51-83', '2', '45760000', 'Propia', 'Casado', 'Bachiller', '44', '888', '', '', '', '', '', ''),
(22, 'Duván', 'Carmona', 2354125, 'dacarmona679@misena.edu.co', 'Mujer', '2022-02-04', 'Cra. 57 #51-83', '2', '45760000', 'Propia', 'Casado', 'Bachiller', '44', '888', '', '', '', '', '', ''),
(23, 'Duván', 'Carmona', 2354125, 'dacarmona679@misena.edu.co', 'Mujer', '2022-02-04', 'Cra. 57 #51-83', '2', '45760000', 'Propia', 'Casado', 'Bachiller', '44', '888', '', '', '', '', '', ''),
(24, 'Duván', 'Carmona', 2354125, 'dacarmona679@misena.edu.co', 'Mujer', '2022-02-04', 'Cra. 57 #51-83', '2', '45760000', 'Propia', 'Casado', 'Bachiller', '44', '888', '', '', '', '', '', ''),
(25, 'john', 'ferla', 22222, 'john@ferla.com', 'Hombre', '1988-08-20', 'Cra. 57 #51-83', '2', '45760000', 'Alquilada', 'Unión libre', 'Bachiller', 'Técnico', 'martha Cossio', '', '', '', '', '', ''),
(26, '', '', 0, '', '...', '0000-00-00', '', '', '', '...', '', '...', 'Teconologo', '', '', '', '', '', '', ''),
(27, 'Emerson Bolney', 'Machado Cordoba', 578445458, 'emachado0923@gmail.com', 'Hombre', '2022-09-23', 'diagonal 61 nr 44-65', '5', '3022167733', 'Propia', 'Casad@', 'Profesional', 'Ingniero de Telecomunicaciones', 'Lady Diana Lopéz Lopéz', '1', '54', '52', '1', '52', '54'),
(28, 'Carlos ', 'Villegas', 453245234, 'Villegas0923@gmail.com', 'Hombre', '2022-09-06', 'diagonal 61 nr 44-65', '5', '3022167733', 'Propia', 'Casad@', 'Profesional', 'Ingniero de Telecomunicaciones', 'Lady Diana Lopéz Lopéz', '1', '47', '52', '1', '52', '54'),
(29, 'Carlos ', 'Villegas', 453245234, 'Villegas0923@gmail.com', 'Hombre', '2022-09-06', 'diagonal 61 nr 44-65', '5', '3022167733', 'Propia', 'Casad@', 'Profesional', 'Ingniero de Telecomunicaciones', 'Lady Diana Lopéz Lopéz', '1', '47', '52', '1', '52', '54'),
(30, 'Carlos ', 'Villegas', 453245234, 'Villegas0923@gmail.com', 'Hombre', '2022-09-06', 'diagonal 61 nr 44-65', '5', '3022167733', 'Propia', 'Casad@', 'Profesional', 'Ingniero de Telecomunicaciones', 'Lady Diana Lopéz Lopéz', '1', '47', '52', '1', '52', '54'),
(31, 'Carlos ', 'Villegas', 453245234, 'Villegas0923@gmail.com', 'Hombre', '2022-09-06', 'diagonal 61 nr 44-65', '5', '3022167733', 'Propia', 'Casad@', 'Profesional', 'Ingniero de Telecomunicaciones', 'Lady Diana Lopéz Lopéz', '1', '47', '52', '1', '52', '54'),
(32, 'Carlos ', 'Villegas', 453245234, 'Villegas0923@gmail.com', 'Hombre', '2022-09-06', 'diagonal 61 nr 44-65', '5', '3022167733', 'Propia', 'Casad@', 'Profesional', 'Ingniero de Telecomunicaciones', 'Lady Diana Lopéz Lopéz', '1', '47', '52', '1', '52', '54'),
(33, 'Carlos ', 'Villegas', 453245234, 'Villegas0923@gmail.com', 'Hombre', '2022-09-06', 'diagonal 61 nr 44-65', '5', '3022167733', 'Propia', 'Casad@', 'Profesional', 'Ingniero de Telecomunicaciones', 'Lady Diana Lopéz Lopéz', '1', '47', '52', '1', '52', '54'),
(34, 'Carlos ', 'Villegas', 453245234, 'Villegas0923@gmail.com', 'Hombre', '2022-09-06', 'diagonal 61 nr 44-65', '5', '3022167733', 'Propia', 'Casad@', 'Profesional', 'Ingniero de Telecomunicaciones', 'Lady Diana Lopéz Lopéz', '1', '47', '52', '1', '52', '54'),
(35, 'Carlos ', 'Villegas', 453245234, 'Villegas0923@gmail.com', 'Hombre', '2022-09-06', 'diagonal 61 nr 44-65', '5', '3022167733', 'Propia', 'Casad@', 'Profesional', 'Ingniero de Telecomunicaciones', 'Lady Diana Lopéz Lopéz', '1', '47', '52', '1', '52', '54'),
(36, 'Carlos ', 'Villegas', 453245234, 'Villegas0923@gmail.com', 'Hombre', '2022-09-06', 'diagonal 61 nr 44-65', '5', '3022167733', 'Propia', 'Casad@', 'Profesional', 'Ingniero de Telecomunicaciones', 'Lady Diana Lopéz Lopéz', '1', '47', '52', '1', '52', '54'),
(37, 'Carlos ', 'Villegas', 453245234, 'Villegas0923@gmail.com', 'Hombre', '2022-09-06', 'diagonal 61 nr 44-65', '5', '3022167733', 'Propia', 'Casad@', 'Profesional', 'Ingniero de Telecomunicaciones', 'Lady Diana Lopéz Lopéz', '1', '47', '52', '1', '52', '54'),
(38, 'Carlos ', 'Villegas', 453245234, 'Villegas0923@gmail.com', 'Hombre', '2022-09-06', 'diagonal 61 nr 44-65', '5', '3022167733', 'Propia', 'Casad@', 'Profesional', 'Ingniero de Telecomunicaciones', 'Lady Diana Lopéz Lopéz', '1', '47', '52', '1', '52', '54'),
(39, 'Carlos ', 'Villegas', 453245234, 'Villegas0923@gmail.com', 'Hombre', '2022-09-06', 'diagonal 61 nr 44-65', '5', '3022167733', 'Propia', 'Casad@', 'Profesional', 'Ingniero de Telecomunicaciones', 'Lady Diana Lopéz Lopéz', '1', '47', '52', '1', '52', '54'),
(40, 'Carlos ', 'Villegas', 453245234, 'Villegas0923@gmail.com', 'Hombre', '2022-09-06', 'diagonal 61 nr 44-65', '5', '3022167733', 'Propia', 'Casad@', 'Profesional', 'Ingniero de Telecomunicaciones', 'Lady Diana Lopéz Lopéz', '1', '47', '52', '1', '52', '54'),
(41, 'Carlos ', 'Villegas', 453245234, 'Villegas0923@gmail.com', 'Hombre', '2022-09-06', 'diagonal 61 nr 44-65', '5', '3022167733', 'Propia', 'Casad@', 'Profesional', 'Ingniero de Telecomunicaciones', 'Lady Diana Lopéz Lopéz', '1', '47', '52', '1', '52', '54'),
(42, 'Carlos ', 'Villegas', 453245234, 'Villegas0923@gmail.com', 'Hombre', '2022-09-06', 'diagonal 61 nr 44-65', '5', '3022167733', 'Propia', 'Casad@', 'Profesional', 'Ingniero de Telecomunicaciones', 'Lady Diana Lopéz Lopéz', '1', '47', '52', '1', '52', '54'),
(43, 'Carlos ', 'Villegas', 453245234, 'Villegas0923@gmail.com', 'Hombre', '2022-09-06', 'diagonal 61 nr 44-65', '5', '3022167733', 'Propia', 'Casad@', 'Profesional', 'Ingniero de Telecomunicaciones', 'Lady Diana Lopéz Lopéz', '1', '47', '52', '1', '52', '54'),
(44, 'Carlos ', 'Villegas', 453245234, 'Villegas0923@gmail.com', 'Hombre', '2022-09-06', 'diagonal 61 nr 44-65', '5', '3022167733', 'Propia', 'Casad@', 'Profesional', 'Ingniero de Telecomunicaciones', 'Lady Diana Lopéz Lopéz', '1', '47', '52', '1', '52', '54'),
(45, 'Carlos ', 'Villegas', 453245234, 'Villegas0923@gmail.com', 'Hombre', '2022-09-06', 'diagonal 61 nr 44-65', '5', '3022167733', 'Propia', 'Casad@', 'Profesional', 'Ingniero de Telecomunicaciones', 'Lady Diana Lopéz Lopéz', '1', '47', '52', '1', '52', '54'),
(46, 'Carlos ', 'Villegas', 453245234, 'Villegas0923@gmail.com', 'Hombre', '2022-09-06', 'diagonal 61 nr 44-65', '5', '3022167733', 'Propia', 'Casad@', 'Profesional', 'Ingniero de Telecomunicaciones', 'Lady Diana Lopéz Lopéz', '1', '47', '52', '1', '52', '54'),
(47, 'Carlos ', 'Villegas', 453245234, 'Villegas0923@gmail.com', 'Hombre', '2022-09-06', 'diagonal 61 nr 44-65', '5', '3022167733', 'Propia', 'Casad@', 'Profesional', 'Ingniero de Telecomunicaciones', 'Lady Diana Lopéz Lopéz', '1', '47', '52', '1', '52', '54'),
(48, 'Carlos ', 'Villegas', 453245234, 'Villegas0923@gmail.com', 'Hombre', '2022-09-06', 'diagonal 61 nr 44-65', '5', '3022167733', 'Propia', 'Casad@', 'Profesional', 'Ingniero de Telecomunicaciones', 'Lady Diana Lopéz Lopéz', '1', '47', '52', '1', '52', '54'),
(49, 'Carlos ', 'Villegas', 453245234, 'Villegas0923@gmail.com', 'Hombre', '2022-09-06', 'diagonal 61 nr 44-65', '5', '3022167733', 'Propia', 'Casad@', 'Profesional', 'Ingniero de Telecomunicaciones', 'Lady Diana Lopéz Lopéz', '1', '47', '52', '1', '52', '54'),
(50, 'Carlos ', 'Villegas', 453245234, 'Villegas0923@gmail.com', 'Hombre', '2022-09-06', 'diagonal 61 nr 44-65', '5', '3022167733', 'Propia', 'Casad@', 'Profesional', 'Ingniero de Telecomunicaciones', 'Lady Diana Lopéz Lopéz', '1', '47', '52', '1', '52', '54'),
(51, 'Carlos ', 'Villegas', 453245234, 'Villegas0923@gmail.com', 'Hombre', '2022-09-06', 'diagonal 61 nr 44-65', '5', '3022167733', 'Propia', 'Casad@', 'Profesional', 'Ingniero de Telecomunicaciones', 'Lady Diana Lopéz Lopéz', '1', '47', '52', '1', '52', '54'),
(52, 'Carlos ', 'Villegas', 453245234, 'Villegas0923@gmail.com', 'Hombre', '2022-09-06', 'diagonal 61 nr 44-65', '5', '3022167733', 'Propia', 'Casad@', 'Profesional', 'Ingniero de Telecomunicaciones', 'Lady Diana Lopéz Lopéz', '1', '47', '52', '1', '52', '54'),
(53, 'Carlos ', 'Villegas', 453245234, 'Villegas0923@gmail.com', 'Hombre', '2022-09-06', 'diagonal 61 nr 44-65', '5', '3022167733', 'Propia', 'Casad@', 'Profesional', 'Ingniero de Telecomunicaciones', 'Lady Diana Lopéz Lopéz', '1', '47', '52', '1', '52', '54'),
(54, 'Carlos ', 'Villegas', 453245234, 'Villegas0923@gmail.com', 'Hombre', '2022-09-06', 'diagonal 61 nr 44-65', '5', '3022167733', 'Propia', 'Casad@', 'Profesional', 'Ingniero de Telecomunicaciones', 'Lady Diana Lopéz Lopéz', '1', '47', '52', '1', '52', '54'),
(55, 'Emerson Bolney', 'Villegas', 54353, 'Villegas0923@gmail.com', 'Hombre', '2022-09-14', 'diagonal 61 nr 44-65', '2', '3022167733', 'Propia', 'Casad@', 'Técnico', 'Ingniero de Telecomunicaciones', 'Lady Diana Lopéz Lopéz', '10', '50', '44', '1', '44', '50'),
(56, 'Emerson Bolney', 'Villegas', 54353, 'Villegas0923@gmail.com', 'Hombre', '2022-09-14', 'diagonal 61 nr 44-65', '2', '3022167733', 'Propia', 'Casad@', 'Técnico', 'Ingniero de Telecomunicaciones', 'Lady Diana Lopéz Lopéz', '10', '50', '44', '1', '44', '50'),
(57, 'Emerson Bolney', 'Villegas', 54353, 'Villegas0923@gmail.com', 'Hombre', '2022-09-14', 'diagonal 61 nr 44-65', '2', '3022167733', 'Propia', 'Casad@', 'Técnico', 'Ingniero de Telecomunicaciones', 'Lady Diana Lopéz Lopéz', '10', '50', '44', '1', '44', '50'),
(58, 'Emerson Bolney', 'Villegas', 54353, 'Villegas0923@gmail.com', 'Hombre', '2022-09-14', 'diagonal 61 nr 44-65', '2', '3022167733', 'Propia', 'Casad@', 'Técnico', 'Ingniero de Telecomunicaciones', 'Lady Diana Lopéz Lopéz', '10', '50', '44', '1', '44', '50'),
(59, 'Emerson Bolney', 'Villegas', 54353, 'Villegas0923@gmail.com', 'Hombre', '2022-09-14', 'diagonal 61 nr 44-65', '2', '3022167733', 'Propia', 'Casad@', 'Técnico', 'Ingniero de Telecomunicaciones', 'Lady Diana Lopéz Lopéz', '10', '50', '44', '1', '44', '50'),
(60, 'Emerson Bolney', 'Villegas', 54353, 'Villegas0923@gmail.com', 'Hombre', '2022-09-14', 'diagonal 61 nr 44-65', '2', '3022167733', 'Propia', 'Casad@', 'Técnico', 'Ingniero de Telecomunicaciones', 'Lady Diana Lopéz Lopéz', '10', '50', '44', '1', '44', '50'),
(61, 'Emerson Bolney', 'Villegas', 54353, 'Villegas0923@gmail.com', 'Hombre', '2022-09-14', 'diagonal 61 nr 44-65', '2', '3022167733', 'Propia', 'Casad@', 'Técnico', 'Ingniero de Telecomunicaciones', 'Lady Diana Lopéz Lopéz', '10', '50', '44', '1', '44', '50'),
(62, 'Emerson Bolney', 'Villegas', 54353, 'Villegas0923@gmail.com', 'Hombre', '2022-09-14', 'diagonal 61 nr 44-65', '2', '3022167733', 'Propia', 'Casad@', 'Técnico', 'Ingniero de Telecomunicaciones', 'Lady Diana Lopéz Lopéz', '10', '50', '44', '1', '44', '50'),
(63, 'Emerson Bolney', 'Villegas', 54353, 'Villegas0923@gmail.com', 'Hombre', '2022-09-14', 'diagonal 61 nr 44-65', '2', '3022167733', 'Propia', 'Casad@', 'Técnico', 'Ingniero de Telecomunicaciones', 'Lady Diana Lopéz Lopéz', '10', '50', '44', '1', '44', '50'),
(64, 'Emerson Bolney', 'Villegas', 54353, 'Villegas0923@gmail.com', 'Hombre', '2022-09-14', 'diagonal 61 nr 44-65', '2', '3022167733', 'Propia', 'Casad@', 'Técnico', 'Ingniero de Telecomunicaciones', 'Lady Diana Lopéz Lopéz', '10', '50', '44', '1', '44', '50'),
(65, 'Emerson Bolney', 'Villegas', 54353, 'Villegas0923@gmail.com', 'Hombre', '2022-09-14', 'diagonal 61 nr 44-65', '2', '3022167733', 'Propia', 'Casad@', 'Técnico', 'Ingniero de Telecomunicaciones', 'Lady Diana Lopéz Lopéz', '10', '50', '44', '1', '44', '50'),
(66, 'Emerson Bolney', 'Villegas', 54353, 'Villegas0923@gmail.com', 'Hombre', '2022-09-14', 'diagonal 61 nr 44-65', '2', '3022167733', 'Propia', 'Casad@', 'Técnico', 'Ingniero de Telecomunicaciones', 'Lady Diana Lopéz Lopéz', '10', '50', '44', '1', '44', '50'),
(67, 'Emerson Bolney', 'Villegas', 54353, 'Villegas0923@gmail.com', 'Hombre', '2022-09-14', 'diagonal 61 nr 44-65', '2', '3022167733', 'Propia', 'Casad@', 'Técnico', 'Ingniero de Telecomunicaciones', 'Lady Diana Lopéz Lopéz', '10', '50', '44', '1', '44', '50'),
(68, 'Emerson Bolney', 'Villegas', 54353, 'Villegas0923@gmail.com', 'Hombre', '2022-09-14', 'diagonal 61 nr 44-65', '2', '3022167733', 'Propia', 'Casad@', 'Técnico', 'Ingniero de Telecomunicaciones', 'Lady Diana Lopéz Lopéz', '10', '50', '44', '1', '44', '50'),
(69, 'Emerson Bolney', 'Villegas', 54353, 'Villegas0923@gmail.com', 'Hombre', '2022-09-14', 'diagonal 61 nr 44-65', '2', '3022167733', 'Propia', 'Casad@', 'Técnico', 'Ingniero de Telecomunicaciones', 'Lady Diana Lopéz Lopéz', '10', '50', '44', '1', '44', '50'),
(70, 'Emerson Bolney', 'Villegas', 54353, 'Villegas0923@gmail.com', 'Hombre', '2022-09-14', 'diagonal 61 nr 44-65', '2', '3022167733', 'Propia', 'Casad@', 'Técnico', 'Ingniero de Telecomunicaciones', 'Lady Diana Lopéz Lopéz', '10', '50', '44', '1', '44', '50'),
(71, 'Emerson Bolney', 'Villegas', 54353, 'Villegas0923@gmail.com', 'Hombre', '2022-09-14', 'diagonal 61 nr 44-65', '2', '3022167733', 'Propia', 'Casad@', 'Técnico', 'Ingniero de Telecomunicaciones', 'Lady Diana Lopéz Lopéz', '10', '50', '44', '1', '44', '50'),
(72, 'Emerson Bolney', 'Villegas', 54353, 'Villegas0923@gmail.com', 'Hombre', '2022-09-14', 'diagonal 61 nr 44-65', '2', '3022167733', 'Propia', 'Casad@', 'Técnico', 'Ingniero de Telecomunicaciones', 'Lady Diana Lopéz Lopéz', '10', '50', '44', '1', '44', '50'),
(73, 'Emerson Bolney', 'Villegas', 54353, 'Villegas0923@gmail.com', 'Hombre', '2022-09-14', 'diagonal 61 nr 44-65', '2', '3022167733', 'Propia', 'Casad@', 'Técnico', 'Ingniero de Telecomunicaciones', 'Lady Diana Lopéz Lopéz', '10', '50', '44', '1', '44', '50'),
(74, 'Emerson Bolney', 'Villegas', 54353, 'Villegas0923@gmail.com', 'Hombre', '2022-09-14', 'diagonal 61 nr 44-65', '2', '3022167733', 'Propia', 'Casad@', 'Técnico', 'Ingniero de Telecomunicaciones', 'Lady Diana Lopéz Lopéz', '10', '50', '44', '1', '44', '50'),
(75, 'Emerson Bolney', 'Villegas', 54353, 'Villegas0923@gmail.com', 'Hombre', '2022-09-14', 'diagonal 61 nr 44-65', '2', '3022167733', 'Propia', 'Casad@', 'Técnico', 'Ingniero de Telecomunicaciones', 'Lady Diana Lopéz Lopéz', '10', '50', '44', '1', '44', '50'),
(76, 'Emerson Bolney', 'Villegas', 54353, 'Villegas0923@gmail.com', 'Hombre', '2022-09-14', 'diagonal 61 nr 44-65', '2', '3022167733', 'Propia', 'Casad@', 'Técnico', 'Ingniero de Telecomunicaciones', 'Lady Diana Lopéz Lopéz', '10', '50', '44', '1', '44', '50'),
(77, 'Emerson Bolney', 'Villegas', 54353, 'Villegas0923@gmail.com', 'Hombre', '2022-09-14', 'diagonal 61 nr 44-65', '2', '3022167733', 'Propia', 'Casad@', 'Técnico', 'Ingniero de Telecomunicaciones', 'Lady Diana Lopéz Lopéz', '10', '50', '44', '1', '44', '50'),
(78, 'Emerson Bolney', 'Villegas', 54353, 'Villegas0923@gmail.com', 'Hombre', '2022-09-14', 'diagonal 61 nr 44-65', '2', '3022167733', 'Propia', 'Casad@', 'Técnico', 'Ingniero de Telecomunicaciones', 'Lady Diana Lopéz Lopéz', '10', '50', '44', '1', '44', '50'),
(79, 'Emerson Bolney', 'Villegas', 54353, 'Villegas0923@gmail.com', 'Hombre', '2022-09-14', 'diagonal 61 nr 44-65', '2', '3022167733', 'Propia', 'Casad@', 'Técnico', 'Ingniero de Telecomunicaciones', 'Lady Diana Lopéz Lopéz', '10', '50', '44', '1', '44', '50'),
(80, 'Emerson Bolney', 'Villegas', 54353, 'Villegas0923@gmail.com', 'Hombre', '2022-09-14', 'diagonal 61 nr 44-65', '2', '3022167733', 'Propia', 'Casad@', 'Técnico', 'Ingniero de Telecomunicaciones', 'Lady Diana Lopéz Lopéz', '10', '50', '44', '1', '44', '50'),
(81, 'Emerson Bolney', 'Villegas', 54353, 'Villegas0923@gmail.com', 'Hombre', '2022-09-14', 'diagonal 61 nr 44-65', '2', '3022167733', 'Propia', 'Casad@', 'Técnico', 'Ingniero de Telecomunicaciones', 'Lady Diana Lopéz Lopéz', '10', '50', '44', '1', '44', '50'),
(82, 'Emerson Bolney', 'Villegas', 54353, 'Villegas0923@gmail.com', 'Hombre', '2022-09-14', 'diagonal 61 nr 44-65', '2', '3022167733', 'Propia', 'Casad@', 'Técnico', 'Ingniero de Telecomunicaciones', 'Lady Diana Lopéz Lopéz', '10', '50', '44', '1', '44', '50'),
(83, 'Emerson Bolney', 'Villegas', 54353, 'Villegas0923@gmail.com', 'Hombre', '2022-09-14', 'diagonal 61 nr 44-65', '2', '3022167733', 'Propia', 'Casad@', 'Técnico', 'Ingniero de Telecomunicaciones', 'Lady Diana Lopéz Lopéz', '10', '50', '44', '1', '44', '50'),
(84, 'Emerson Bolney', 'Villegas', 54353, 'Villegas0923@gmail.com', 'Hombre', '2022-09-14', 'diagonal 61 nr 44-65', '2', '3022167733', 'Propia', 'Casad@', 'Técnico', 'Ingniero de Telecomunicaciones', 'Lady Diana Lopéz Lopéz', '10', '50', '44', '1', '44', '50'),
(85, 'Emerson Bolney', 'Villegas', 54353, 'Villegas0923@gmail.com', 'Hombre', '2022-09-14', 'diagonal 61 nr 44-65', '2', '3022167733', 'Propia', 'Casad@', 'Técnico', 'Ingniero de Telecomunicaciones', 'Lady Diana Lopéz Lopéz', '10', '50', '44', '1', '44', '50'),
(86, 'Emerson Bolney', 'Villegas', 54353, 'Villegas0923@gmail.com', 'Hombre', '2022-09-14', 'diagonal 61 nr 44-65', '2', '3022167733', 'Propia', 'Casad@', 'Técnico', 'Ingniero de Telecomunicaciones', 'Lady Diana Lopéz Lopéz', '10', '50', '44', '1', '44', '50'),
(87, 'Emerson Bolney', 'Villegas', 54353, 'Villegas0923@gmail.com', 'Hombre', '2022-09-14', 'diagonal 61 nr 44-65', '2', '3022167733', 'Propia', 'Casad@', 'Técnico', 'Ingniero de Telecomunicaciones', 'Lady Diana Lopéz Lopéz', '10', '50', '44', '1', '44', '50'),
(88, 'Emerson Bolney', 'Villegas', 54353, 'Villegas0923@gmail.com', 'Hombre', '2022-09-14', 'diagonal 61 nr 44-65', '2', '3022167733', 'Propia', 'Casad@', 'Técnico', 'Ingniero de Telecomunicaciones', 'Lady Diana Lopéz Lopéz', '10', '50', '44', '1', '44', '50'),
(89, 'Emerson Bolney', 'Machado Cordoba', 5346456, 'emachado0923@gmail.com', 'Hombre', '2022-09-29', 'diagonal 61 nr 44-65', '4', '3022167733', 'Alquilada', 'Solter@', 'Profesional', 'Ingniero de Telecomunicaciones', 'Lady Diana Lopéz Lopéz', '1', '47', '52', '1', '52', '47'),
(90, 'Emerson Bolney', 'Machado Cordoba', 5346456, 'emachado0923@gmail.com', 'Hombre', '2022-09-29', 'diagonal 61 nr 44-65', '4', '3022167733', 'Alquilada', 'Solter@', 'Profesional', 'Ingniero de Telecomunicaciones', 'Lady Diana Lopéz Lopéz', '1', '47', '52', '1', '52', '47'),
(91, 'Emerson Bolney', 'Machado Cordoba', 5346456, 'emachado0923@gmail.com', 'Hombre', '2022-09-29', 'diagonal 61 nr 44-65', '4', '3022167733', 'Alquilada', 'Solter@', 'Profesional', 'Ingniero de Telecomunicaciones', 'Lady Diana Lopéz Lopéz', '1', '47', '52', '1', '52', '47');

-- --------------------------------------------------------

--
-- Estructura de tabla para la tabla `departamento`
--

DROP TABLE IF EXISTS `departamento`;
CREATE TABLE IF NOT EXISTS `departamento` (
  `id` int(10) UNSIGNED NOT NULL AUTO_INCREMENT,
  `nombre` text NOT NULL,
  `codigo` int(11) DEFAULT NULL,
  PRIMARY KEY (`id`)
) ENGINE=InnoDB AUTO_INCREMENT=35 DEFAULT CHARSET=latin1;

--
-- Volcado de datos para la tabla `departamento`
--

INSERT INTO `departamento` (`id`, `nombre`, `codigo`) VALUES
(1, 'Antioquia', 5),
(2, 'Atlántico', 8),
(3, 'Bogotá', 11),
(4, 'Bolívar', 13),
(5, 'Boyacá', 15),
(6, 'Caldas', 17),
(7, 'Caquetá', 18),
(8, 'Cauca', 19),
(9, 'Cesar', 20),
(10, 'Córdoba', 23),
(11, 'Cundinamarca', 25),
(12, 'Chocó', 27),
(13, 'Huila', 41),
(14, 'La Guajira', 44),
(15, 'Magdalena', 47),
(16, 'Meta', 50),
(17, 'Nariño', 52),
(18, 'Norte De Santander', 54),
(19, 'Quindío', 63),
(20, 'Risaralda', 66),
(21, 'Santander', 68),
(22, 'Sucre', 70),
(23, 'Tolima', 73),
(24, 'Valle del Cauca', 76),
(25, 'Arauca', 81),
(26, 'Casanare', 85),
(27, 'Putumayo', 86),
(28, 'San Andrés', 88),
(29, 'Amazonas', 91),
(30, 'Guainía', 94),
(31, 'Guaviare', 95),
(32, 'Vaupés', 97),
(33, 'Vichada', 99),
(34, 'No aplica', NULL);

-- --------------------------------------------------------

--
-- Estructura de tabla para la tabla `discapacidades`
--

DROP TABLE IF EXISTS `discapacidades`;
CREATE TABLE IF NOT EXISTS `discapacidades` (
  `id` int(11) NOT NULL AUTO_INCREMENT,
  `nombre` varchar(100) COLLATE utf8_spanish2_ci NOT NULL,
  PRIMARY KEY (`id`)
) ENGINE=MyISAM AUTO_INCREMENT=12 DEFAULT CHARSET=utf8 COLLATE=utf8_spanish2_ci;

--
-- Volcado de datos para la tabla `discapacidades`
--

INSERT INTO `discapacidades` (`id`, `nombre`) VALUES
(1, 'Auditiva'),
(2, 'Intelectual o Cognitiva'),
(3, 'Física'),
(4, 'Visual'),
(5, 'Voz y habla'),
(6, 'Múltiple'),
(7, 'Psicosocial'),
(8, 'Motriz'),
(9, 'Mental'),
(10, 'Del Lenguaje'),
(11, 'Ninguna');

-- --------------------------------------------------------

--
-- Estructura de tabla para la tabla `empleabilidad`
--

DROP TABLE IF EXISTS `empleabilidad`;
CREATE TABLE IF NOT EXISTS `empleabilidad` (
  `id_empleabilidad` int(11) NOT NULL AUTO_INCREMENT,
  `id_empleado` int(11) NOT NULL,
  `correoInstitucional` varchar(50) NOT NULL,
  `eps` varchar(50) NOT NULL,
  `fondoPension` varchar(50) NOT NULL,
  `cesantias` varchar(50) NOT NULL,
  `arl` varchar(50) NOT NULL,
  `nivelRiesgo` varchar(50) NOT NULL,
  `objeto` varchar(50) NOT NULL,
  `valorMensual` varchar(50) NOT NULL,
  `fechaInicio` date NOT NULL,
  `fechaTerminacion` date NOT NULL,
  `valorContrato` varchar(50) NOT NULL,
  `supervisor` varchar(50) NOT NULL,
  `carnet` varchar(50) NOT NULL,
  `numeroPoliza` varchar(50) NOT NULL,
  `nuevos` varchar(50) NOT NULL,
  `estadoEmpleado` varchar(50) NOT NULL,
  PRIMARY KEY (`id_empleabilidad`)
) ENGINE=MyISAM AUTO_INCREMENT=7 DEFAULT CHARSET=latin1;

--
-- Volcado de datos para la tabla `empleabilidad`
--

INSERT INTO `empleabilidad` (`id_empleabilidad`, `id_empleado`, `correoInstitucional`, `eps`, `fondoPension`, `cesantias`, `arl`, `nivelRiesgo`, `objeto`, `valorMensual`, `fechaInicio`, `fechaTerminacion`, `valorContrato`, `supervisor`, `carnet`, `numeroPoliza`, `nuevos`, `estadoEmpleado`) VALUES
(4, 2, 'sapiencia@dac', '887', '8787', '8787', '8787', 'Medio', '8778', '78787', '2001-01-01', '2001-01-01', '77', '545', '545', '455', '545', 'si'),
(3, 1, 'sapiencia@dac', 'sura', 'proteccion ', 'Proteccion', 'Cualquiera', 'Alto', 'Microfono', '4212255111', '2022-12-31', '2022-02-16', '34454545', 'Carlos', '3545', '1124', 'si', 'si'),
(5, 3, 'sapiencia@dac', 'sura', ' ´Proteccion', 'Proction', 'Ninguna', 'Medio', 'ninguno', '45512555', '2022-12-31', '2022-12-31', '1245845', 'Claudia', '44512', '12245', 'No', 'activo'),
(6, 25, 'sapiencia@dac', 'sura', 'Proteccion', 'Proteccion', 'Cualquiera', 'Medio', 'ninguno', '2000', '2000-08-08', '2000-08-08', '2000', 'Claudia', '222', '3333', 'No', 'si');

-- --------------------------------------------------------

--
-- Estructura de tabla para la tabla `eps`
--

DROP TABLE IF EXISTS `eps`;
CREATE TABLE IF NOT EXISTS `eps` (
  `id` int(10) UNSIGNED NOT NULL AUTO_INCREMENT,
  `nombre` text NOT NULL,
  PRIMARY KEY (`id`)
) ENGINE=InnoDB AUTO_INCREMENT=10 DEFAULT CHARSET=latin1;

--
-- Volcado de datos para la tabla `eps`
--

INSERT INTO `eps` (`id`, `nombre`) VALUES
(1, 'Coomeva '),
(2, 'Coosalud '),
(3, 'Nueva Eps '),
(4, 'Pensionado (Disan) '),
(5, 'Salud Total  '),
(6, 'Sanitas '),
(7, 'Savia Salud '),
(8, 'Sura '),
(9, 'Programa De Salud De La Universidad De Antioquia. ');

-- --------------------------------------------------------

--
-- Estructura de tabla para la tabla `fondos_pensiones`
--

DROP TABLE IF EXISTS `fondos_pensiones`;
CREATE TABLE IF NOT EXISTS `fondos_pensiones` (
  `id` int(11) NOT NULL AUTO_INCREMENT,
  `nombre` varchar(100) COLLATE utf8_spanish2_ci NOT NULL,
  PRIMARY KEY (`id`)
) ENGINE=MyISAM AUTO_INCREMENT=6 DEFAULT CHARSET=utf8 COLLATE=utf8_spanish2_ci;

--
-- Volcado de datos para la tabla `fondos_pensiones`
--

INSERT INTO `fondos_pensiones` (`id`, `nombre`) VALUES
(1, 'Colfondos '),
(2, 'Colpensiones  '),
(3, 'Protección '),
(4, 'Porvenir '),
(5, 'Pensionado ');

-- --------------------------------------------------------

--
-- Estructura de tabla para la tabla `hijos`
--

DROP TABLE IF EXISTS `hijos`;
CREATE TABLE IF NOT EXISTS `hijos` (
  `id_hijo` int(11) NOT NULL AUTO_INCREMENT,
  `id_empleado` int(11) NOT NULL,
  `nombres` varchar(50) CHARACTER SET latin1 NOT NULL,
  `apellidos` varchar(50) CHARACTER SET latin1 NOT NULL,
  `fechaNacimiento` varchar(50) CHARACTER SET latin1 NOT NULL,
  PRIMARY KEY (`id_hijo`)
) ENGINE=InnoDB AUTO_INCREMENT=22 DEFAULT CHARSET=utf8 COLLATE=utf8_spanish2_ci;

--
-- Volcado de datos para la tabla `hijos`
--

INSERT INTO `hijos` (`id_hijo`, `id_empleado`, `nombres`, `apellidos`, `fechaNacimiento`) VALUES
(1, 1, 'Marcos', 'Ferla', '2022-12-31'),
(2, 1, 'carlitos ', 'Ferla', 'dasdsd'),
(3, 1, 'Cristina', 'Ferla', 'addds'),
(4, 2, '98989', '98998', '1990-08-09'),
(5, 3, 'Laura ', 'Machado', '2022-12-31'),
(6, 3, 'Cristian ', 'Machado', '2022-12-31'),
(7, 4, '', '', ''),
(8, 5, '7866', '77676', '0076-06-03'),
(9, 5, '888', '888', '2022-02-02'),
(10, 6, '', '', ''),
(11, 7, '', '', ''),
(12, 8, '', '', ''),
(13, 9, '', '', ''),
(14, 10, '', '', ''),
(15, 11, '55', '55', '2022-01-31'),
(16, 12, '', '', ''),
(17, 13, '', '', ''),
(18, 16, '', '', ''),
(19, 24, '', '', ''),
(20, 25, '', '', ''),
(21, 26, '', '', '');

-- --------------------------------------------------------

--
-- Estructura de tabla para la tabla `municipio`
--

DROP TABLE IF EXISTS `municipio`;
CREATE TABLE IF NOT EXISTS `municipio` (
  `id` int(10) UNSIGNED NOT NULL AUTO_INCREMENT,
  `nombre` text NOT NULL,
  `codigo` int(11) DEFAULT NULL,
  `codigo_departamento` int(11) DEFAULT NULL,
  PRIMARY KEY (`id`)
) ENGINE=InnoDB AUTO_INCREMENT=1122 DEFAULT CHARSET=latin1;

--
-- Volcado de datos para la tabla `municipio`
--

INSERT INTO `municipio` (`id`, `nombre`, `codigo`, `codigo_departamento`) VALUES
(1, 'Medellín', 1, 5),
(2, 'Abejorral', 2, 5),
(3, 'Abriaqui', 4, 5),
(4, 'Alejandría', 21, 5),
(5, 'Amaga', 30, 5),
(6, 'Amalfi', 31, 5),
(7, 'Andes', 34, 5),
(8, 'Angelopolis', 36, 5),
(9, 'Angostura', 38, 5),
(10, 'Anori', 40, 5),
(11, 'Santafé de Antioquia', 42, 5),
(12, 'Anza', 44, 5),
(13, 'Apartado', 45, 5),
(14, 'Arboletes', 51, 5),
(15, 'Argelia', 55, 5),
(16, 'Armenia', 59, 5),
(17, 'Barbosa', 79, 5),
(18, 'Belmira', 86, 5),
(19, 'Bello', 88, 5),
(20, 'Betania', 91, 5),
(21, 'Betulia', 93, 5),
(22, 'Ciudad bolivar', 101, 5),
(23, 'Briceño', 107, 5),
(24, 'Buritica', 113, 5),
(25, 'Cáceres', 120, 5),
(26, 'Caicedo', 125, 5),
(27, 'Caldas', 129, 5),
(28, 'Campamento', 134, 5),
(29, 'Cañasgordas', 138, 5),
(30, 'Caracolí', 142, 5),
(31, 'Caramanta', 145, 5),
(32, 'Carepa', 147, 5),
(33, 'El Carmen de viboral', 148, 5),
(34, 'Carolina', 150, 5),
(35, 'Caucasia', 154, 5),
(36, 'Chigorodo', 172, 5),
(37, 'Cisneros', 190, 5),
(38, 'Cocorná', 197, 5),
(39, 'Concepción', 206, 5),
(40, 'Concordia', 209, 5),
(41, 'Copacabana', 212, 5),
(42, 'Dabeiba', 234, 5),
(43, 'Don Matías', 237, 5),
(44, 'Ebéjico', 240, 5),
(45, 'El bagre', 250, 5),
(46, 'Entrerrios', 264, 5),
(47, 'Envigado', 266, 5),
(48, 'Fredonia', 282, 5),
(49, 'Frontino', 284, 5),
(50, 'Giraldo', 306, 5),
(51, 'Girardota', 308, 5),
(52, 'Gómez plata', 310, 5),
(53, 'Granada', 313, 5),
(54, 'Guadalupe', 315, 5),
(55, 'Guarne', 318, 5),
(56, 'Guatapé', 321, 5),
(57, 'Heliconia', 347, 5),
(58, 'Hispania', 353, 5),
(59, 'Itagüí', 360, 5),
(60, 'Ituango', 361, 5),
(61, 'Jardín', 364, 5),
(62, 'Jericó', 368, 5),
(63, 'La ceja', 376, 5),
(64, 'La estrella', 380, 5),
(65, 'La pintada', 390, 5),
(66, 'La unión', 400, 5),
(67, 'Liborina', 411, 5),
(68, 'Maceo', 425, 5),
(69, 'Marinilla', 440, 5),
(70, 'Montebello', 467, 5),
(71, 'Murindó', 475, 5),
(72, 'Mutata', 480, 5),
(73, 'Nariño', 483, 5),
(74, 'Necoclí', 490, 5),
(75, 'Nechí', 495, 5),
(76, 'Olaya', 501, 5),
(77, 'Peñol', 541, 5),
(78, 'Peque', 543, 5),
(79, 'Pueblorrico', 576, 5),
(80, 'Puerto Berrío', 579, 5),
(81, 'Puerto Nare', 585, 5),
(82, 'Puerto triunfo', 591, 5),
(83, 'Remedios', 604, 5),
(84, 'Retiro', 607, 5),
(85, 'Rionegro', 615, 5),
(86, 'Sabanalarga', 628, 5),
(87, 'Sabaneta', 631, 5),
(88, 'Salgar', 642, 5),
(89, 'San Andrés de cuerquia', 647, 5),
(90, 'San Carlos', 649, 5),
(91, 'San francisco', 652, 5),
(92, 'San Jerónimo', 656, 5),
(93, 'San José de la montaña', 658, 5),
(94, 'San juan de Urabá', 659, 5),
(95, 'San Luis', 660, 5),
(96, 'San pedro', 664, 5),
(97, 'San pedro de Urabá', 665, 5),
(98, 'San Rafael', 667, 5),
(99, 'San roque', 670, 5),
(100, 'San Vicente', 674, 5),
(101, 'Santa Bárbara', 679, 5),
(102, 'Santa rosa de osos', 686, 5),
(103, 'Santo domingo', 690, 5),
(104, 'El santuario', 697, 5),
(105, 'Segovia', 736, 5),
(106, 'Sonsón', 756, 5),
(107, 'Sopetran', 761, 5),
(108, 'Támesis', 789, 5),
(109, 'Taraza', 790, 5),
(110, 'Tarso', 792, 5),
(111, 'Titiribí', 809, 5),
(112, 'Toledo', 819, 5),
(113, 'Turbo', 837, 5),
(114, 'Uramita', 842, 5),
(115, 'Urrao', 847, 5),
(116, 'Valdivia', 854, 5),
(117, 'Valparaíso', 856, 5),
(118, 'Vegachí', 858, 5),
(119, 'Venecia', 861, 5),
(120, 'Vigía del fuerte', 873, 5),
(121, 'Yalí', 885, 5),
(122, 'Yarumal', 887, 5),
(123, 'Yolombó', 890, 5),
(124, 'Yondó', 893, 5),
(125, 'Zaragoza', 895, 5),
(126, 'Barranquilla', 1, 8),
(127, 'Baranoa', 78, 8),
(128, 'Campo de la cruz', 137, 8),
(129, 'Candelaria', 141, 8),
(130, 'Galapa', 296, 8),
(131, 'Juan de acosta', 372, 8),
(132, 'Luruaco', 421, 8),
(133, 'Malambo', 433, 8),
(134, 'Manati', 436, 8),
(135, 'Palmar de Varela', 520, 8),
(136, 'Piojo', 549, 8),
(137, 'Polonuevo', 558, 8),
(138, 'Ponedera', 560, 8),
(139, 'Puerto Colombia', 573, 8),
(140, 'Repelon', 606, 8),
(141, 'Sabanagrande', 634, 8),
(142, 'Sabanalarga', 638, 8),
(143, 'Santa lucia', 675, 8),
(144, 'Santo tomas', 685, 8),
(145, 'Soledad', 758, 8),
(146, 'Suan', 770, 8),
(147, 'Tubara', 832, 8),
(148, 'Usiacuri', 849, 8),
(149, 'Bogotá, d.c.', 1, 11),
(150, 'Cartagena', 1, 13),
(151, 'Achí', 6, 13),
(152, 'Altos del rosario', 30, 13),
(153, 'Arenal', 42, 13),
(154, 'Arjona', 52, 13),
(155, 'Arroyohondo', 62, 13),
(156, 'Barranco de loba', 74, 13),
(157, 'Calamar', 140, 13),
(158, 'Cantagallo', 160, 13),
(159, 'Cicuco', 188, 13),
(160, 'Córdoba', 212, 13),
(161, 'Clemencia', 222, 13),
(162, 'El Carmen de bolívar', 244, 13),
(163, 'El guamo', 248, 13),
(164, 'El peñón', 268, 13),
(165, 'Hatillo de loba', 300, 13),
(166, 'Magangué', 430, 13),
(167, 'Mahates', 433, 13),
(168, 'Margarita', 440, 13),
(169, 'María la baja', 442, 13),
(170, 'Montecristo', 458, 13),
(171, 'Mompós', 468, 13),
(172, 'Norosi', 490, 13),
(173, 'Morales', 473, 13),
(174, 'Pinillos', 549, 13),
(175, 'Regidor', 580, 13),
(176, 'Rio viejo', 600, 13),
(177, 'San Cristóbal', 620, 13),
(178, 'San Estanislao', 647, 13),
(179, 'San Fernando', 650, 13),
(180, 'San Jacinto', 654, 13),
(181, 'San Jacinto del cauca', 655, 13),
(182, 'San juan Nepomuceno', 657, 13),
(183, 'San Martin de loba', 667, 13),
(184, 'San pablo', 670, 13),
(185, 'Santa catalina', 673, 13),
(186, 'Santa rosa', 683, 13),
(187, 'Santa rosa del sur', 688, 13),
(188, 'Simiti', 744, 13),
(189, 'Soplaviento', 760, 13),
(190, 'Talaigua nuevo', 780, 13),
(191, 'Tiquisio', 810, 13),
(192, 'Turbaco', 836, 13),
(193, 'Turbana', 838, 13),
(194, 'Villanueva', 873, 13),
(195, 'Zambrano', 894, 13),
(196, 'Tunja', 1, 15),
(197, 'Almeida', 22, 15),
(198, 'Aquitania', 47, 15),
(199, 'Arcabuco', 51, 15),
(200, 'Belén', 87, 15),
(201, 'Berbeo', 90, 15),
(202, 'Beteitiva', 92, 15),
(203, 'Boavita', 97, 15),
(204, 'Boyaca', 104, 15),
(205, 'Briceño', 106, 15),
(206, 'Buenavista', 109, 15),
(207, 'Busbanza', 114, 15),
(208, 'Caldas', 131, 15),
(209, 'Campohermoso', 135, 15),
(210, 'Cerinza', 162, 15),
(211, 'Chinavita', 172, 15),
(212, 'Chiquinquira', 176, 15),
(213, 'Chiscas', 180, 15),
(214, 'Chita', 183, 15),
(215, 'Chitaraque', 185, 15),
(216, 'Chivata', 187, 15),
(217, 'Cienega', 189, 15),
(218, 'Combita', 204, 15),
(219, 'Coper', 212, 15),
(220, 'Corrales', 215, 15),
(221, 'Covarachia', 218, 15),
(222, 'Cubara', 223, 15),
(223, 'Cucaita', 224, 15),
(224, 'Cuitiva', 226, 15),
(225, 'Chiquiza', 232, 15),
(226, 'Chivor', 236, 15),
(227, 'Duitama', 238, 15),
(228, 'El cocuy', 244, 15),
(229, 'El espino', 248, 15),
(230, 'Firavitoba', 272, 15),
(231, 'Floresta', 276, 15),
(232, 'Gachantiva', 293, 15),
(233, 'Gameza', 296, 15),
(234, 'Garagoa', 299, 15),
(235, 'Guacamayas', 317, 15),
(236, 'Guateque', 322, 15),
(237, 'Guayata', 325, 15),
(238, 'Gsican', 332, 15),
(239, 'Iza', 362, 15),
(240, 'Jenesano', 367, 15),
(241, 'Jerico', 368, 15),
(242, 'Labranzagrande', 377, 15),
(243, 'La capilla', 380, 15),
(244, 'La victoria', 401, 15),
(245, 'La uvita', 403, 15),
(246, 'Villa de leyva', 407, 15),
(247, 'Macanal', 425, 15),
(248, 'Maripi', 442, 15),
(249, 'Miraflores', 455, 15),
(250, 'Mongua', 464, 15),
(251, 'Mongui', 466, 15),
(252, 'Moniquira', 469, 15),
(253, 'Motavita', 476, 15),
(254, 'Muzo', 480, 15),
(255, 'Nobsa', 491, 15),
(256, 'Nuevo colon', 494, 15),
(257, 'Oicata', 500, 15),
(258, 'Otanche', 507, 15),
(259, 'Pachavita', 511, 15),
(260, 'Paez', 514, 15),
(261, 'Paipa', 516, 15),
(262, 'Pajarito', 518, 15),
(263, 'Panqueba', 522, 15),
(264, 'Pauna', 531, 15),
(265, 'Paya', 533, 15),
(266, 'Paz de rio', 537, 15),
(267, 'Pesca', 542, 15),
(268, 'Pisba', 550, 15),
(269, 'Puerto boyaca', 572, 15),
(270, 'Quipama', 580, 15),
(271, 'Ramiriqui', 599, 15),
(272, 'Raquira', 600, 15),
(273, 'Rondon', 621, 15),
(274, 'Saboya', 632, 15),
(275, 'Sachica', 638, 15),
(276, 'Samaca', 646, 15),
(277, 'San eduardo', 660, 15),
(278, 'San jose de pare', 664, 15),
(279, 'San luis de gaceno', 667, 15),
(280, 'San mateo', 673, 15),
(281, 'San miguel de sema', 676, 15),
(282, 'San pablo de borbur', 681, 15),
(283, 'Santana', 686, 15),
(284, 'Santa maria', 690, 15),
(285, 'Santa rosa de viterbo', 693, 15),
(286, 'Santa sofia', 696, 15),
(287, 'Sativanorte', 720, 15),
(288, 'Sativasur', 723, 15),
(289, 'Siachoque', 740, 15),
(290, 'Soata', 753, 15),
(291, 'Socota', 755, 15),
(292, 'Socha', 757, 15),
(293, 'Sogamoso', 759, 15),
(294, 'Somondoco', 761, 15),
(295, 'Sora', 762, 15),
(296, 'Sotaquira', 763, 15),
(297, 'Soraca', 764, 15),
(298, 'Susacon', 774, 15),
(299, 'Sutamarchan', 776, 15),
(300, 'Sutatenza', 778, 15),
(301, 'Tasco', 790, 15),
(302, 'Tenza', 798, 15),
(303, 'Tibana', 804, 15),
(304, 'Tibasosa', 806, 15),
(305, 'Tinjaca', 808, 15),
(306, 'Tipacoque', 810, 15),
(307, 'Toca', 814, 15),
(308, 'Togsi', 816, 15),
(309, 'Topaga', 820, 15),
(310, 'Tota', 822, 15),
(311, 'Tunungua', 832, 15),
(312, 'Turmeque', 835, 15),
(313, 'Tuta', 837, 15),
(314, 'Tutaza', 839, 15),
(315, 'Umbita', 842, 15),
(316, 'Ventaquemada', 861, 15),
(317, 'Viracacha', 879, 15),
(318, 'Zetaquira', 897, 15),
(319, 'Manizales', 1, 17),
(320, 'Aguadas', 13, 17),
(321, 'Anserma', 42, 17),
(322, 'Aranzazu', 50, 17),
(323, 'Belalcazar', 88, 17),
(324, 'Chinchina', 174, 17),
(325, 'Filadelfia', 272, 17),
(326, 'La dorada', 380, 17),
(327, 'La merced', 388, 17),
(328, 'Manzanares', 433, 17),
(329, 'Marmato', 442, 17),
(330, 'Marquetalia', 444, 17),
(331, 'Marulanda', 446, 17),
(332, 'Neira', 486, 17),
(333, 'Norcasia', 495, 17),
(334, 'Pacora', 513, 17),
(335, 'Palestina', 524, 17),
(336, 'Pensilvania', 541, 17),
(337, 'Riosucio', 614, 17),
(338, 'Risaralda', 616, 17),
(339, 'Salamina', 653, 17),
(340, 'Samana', 662, 17),
(341, 'San jose', 665, 17),
(342, 'Supia', 777, 17),
(343, 'Victoria', 867, 17),
(344, 'Villamaria', 873, 17),
(345, 'Viterbo', 877, 17),
(346, 'Florencia', 1, 18),
(347, 'Albania', 29, 18),
(348, 'Belen de los andaquies', 94, 18),
(349, 'Cartagena del chaira', 150, 18),
(350, 'Curillo', 205, 18),
(351, 'El doncello', 247, 18),
(352, 'El paujil', 256, 18),
(353, 'La montañita', 410, 18),
(354, 'Milan', 460, 18),
(355, 'Morelia', 479, 18),
(356, 'Puerto rico', 592, 18),
(357, 'San jose del fragua', 610, 18),
(358, 'San vicente del caguan', 753, 18),
(359, 'Solano', 756, 18),
(360, 'Solita', 785, 18),
(361, 'Valparaiso', 860, 18),
(362, 'Popayan', 1, 19),
(363, 'Almaguer', 22, -481),
(364, 'Argelia', 50, 19),
(365, 'Balboa', 75, 19),
(366, 'Bolivar', 100, 19),
(367, 'Buenos aires', 110, 19),
(368, 'Cajibio', 130, 19),
(369, 'Caldono', 137, 19),
(370, 'Caloto', 142, 19),
(371, 'Corinto', 212, 19),
(372, 'El tambo', 256, 19),
(373, 'Florencia', 290, 19),
(374, 'Guachene', 300, 19),
(375, 'Guapi', 318, 19),
(376, 'Inza', 355, 19),
(377, 'Jambalo', 364, 19),
(378, 'La sierra', 392, 19),
(379, 'La vega', 397, 19),
(380, 'Lopez', 418, 19),
(381, 'Mercaderes', 450, 19),
(382, 'Miranda', 455, 19),
(383, 'Morales', 473, 19),
(384, 'Padilla', 513, 19),
(385, 'Paez', 517, 19),
(386, 'Patia', 532, 19),
(387, 'Piamonte', 533, 19),
(388, 'Piendamo', 548, 19),
(389, 'Puerto tejada', 573, 19),
(390, 'Purace', 585, 19),
(391, 'Rosas', 622, 19),
(392, 'San sebastian', 693, 19),
(393, 'Santander de quilichao', 698, 19),
(394, 'Santa rosa', 701, 19),
(395, 'Silvia', 743, 19),
(396, 'Sotara', 760, 19),
(397, 'Suarez', 780, 19),
(398, 'Sucre', 785, 19),
(399, 'Timbio', 807, 19),
(400, 'Timbiqui', 809, 19),
(401, 'Toribio', 821, 19),
(402, 'Totoro', 824, 19),
(403, 'Villa rica', 845, 19),
(404, 'Valledupar', 1, 20),
(405, 'Aguachica', 11, 20),
(406, 'Agustin codazzi', 13, 20),
(407, 'Astrea', 32, 20),
(408, 'Becerril', 45, 20),
(409, 'Bosconia', 60, 20),
(410, 'Chimichagua', 175, 20),
(411, 'Chiriguana', 178, 20),
(412, 'Curumani', 228, 20),
(413, 'El copey', 238, 20),
(414, 'El paso', 250, 20),
(415, 'Gamarra', 295, 20),
(416, 'Gonzalez', 310, 20),
(417, 'La gloria', 383, 20),
(418, 'La jagua de ibirico', 400, 20),
(419, 'Manaure', 443, 20),
(420, 'Pailitas', 517, 20),
(421, 'Pelaya', 550, 20),
(422, 'Pueblo bello', 570, 20),
(423, 'Rio de oro', 614, 20),
(424, 'La paz', 621, 20),
(425, 'San alberto', 710, 20),
(426, 'San diego', 750, 20),
(427, 'San martin', 770, 20),
(428, 'Tamalameque', 787, 20),
(429, 'Monteria', 1, 23),
(430, 'Ayapel', 68, 23),
(431, 'Buenavista', 79, 23),
(432, 'Canalete', 90, 23),
(433, 'Cerete', 162, 23),
(434, 'Chima', 168, 23),
(435, 'Chinu', 182, 23),
(436, 'Cienaga de oro', 189, 23),
(437, 'Cotorra', 300, 23),
(438, 'La apartada', 350, 23),
(439, 'Lorica', 417, 23),
(440, 'Los cordobas', 419, 23),
(441, 'Momil', 464, 23),
(442, 'Montelibano', 466, 23),
(443, 'Moñitos', 500, 23),
(444, 'Planeta rica', 555, 23),
(445, 'Pueblo nuevo', 570, 23),
(446, 'Puerto escondido', 574, 23),
(447, 'Puerto libertador', 580, 23),
(448, 'Purisima', 586, 23),
(449, 'Sahagun', 660, 23),
(450, 'San andres sotavento', 670, 23),
(451, 'San antero', 672, 23),
(452, 'San bernardo del viento', 675, 23),
(453, 'San carlos', 678, 23),
(454, 'San pelayo', 686, 23),
(455, 'Tierralta', 807, 23),
(456, 'Valencia', 855, 23),
(457, 'Agua de dios', 1, 25),
(458, 'Alban', 19, 25),
(459, 'Anapoima', 35, 25),
(460, 'Anolaima', 40, 25),
(461, 'Arbelaez', 53, 25),
(462, 'Beltran', 86, 25),
(463, 'Bituima', 95, 25),
(464, 'Bojaca', 99, 25),
(465, 'Cabrera', 120, 25),
(466, 'Cachipay', 123, 25),
(467, 'Cajica', 126, 25),
(468, 'Caparrapi', 148, 25),
(469, 'Caqueza', 151, 25),
(470, 'Carmen de carupa', 154, 25),
(471, 'Chaguani', 168, 25),
(472, 'Chia', 175, 25),
(473, 'Chipaque', 178, 25),
(474, 'Choachi', 181, 25),
(475, 'Choconta', 183, 25),
(476, 'Cogua', 200, 25),
(477, 'Cota', 214, 25),
(478, 'Cucunuba', 224, 25),
(479, 'El colegio', 245, 25),
(480, 'El peñon', 258, 25),
(481, 'El rosal', 260, 25),
(482, 'Facatativa', 269, 25),
(483, 'Fomeque', 279, 25),
(484, 'Fosca', 281, 25),
(485, 'Funza', 286, 25),
(486, 'Fuquene', 288, 25),
(487, 'Fusagasuga', 290, 25),
(488, 'Gachala', 293, 25),
(489, 'Gachancipa', 295, 25),
(490, 'Gacheta', 297, 25),
(491, 'Gama', 299, 25),
(492, 'Girardot', 307, 25),
(493, 'Granada', 312, 25),
(494, 'Guacheta', 317, 25),
(495, 'Guaduas', 320, 25),
(496, 'Guasca', 322, 25),
(497, 'Guataqui', 324, 25),
(498, 'Guatavita', 326, 25),
(499, 'Guayabal de siquima', 328, 25),
(500, 'Guayabetal', 335, 25),
(501, 'Gutierrez', 339, 25),
(502, 'Jerusalen', 368, 25),
(503, 'Junin', 372, 25),
(504, 'La calera', 377, 25),
(505, 'La mesa', 386, 25),
(506, 'La palma', 394, 25),
(507, 'La peña', 398, 25),
(508, 'La vega', 402, 25),
(509, 'Lenguazaque', 407, 25),
(510, 'Macheta', 426, 25),
(511, 'Madrid', 430, 25),
(512, 'Manta', 436, 25),
(513, 'Medina', 438, 25),
(514, 'Mosquera', 473, 25),
(515, 'Nariño', 483, 25),
(516, 'Nemocon', 486, 25),
(517, 'Nilo', 488, 25),
(518, 'Nimaima', 489, 25),
(519, 'Nocaima', 491, 25),
(520, 'Venecia', 506, 25),
(521, 'Pacho', 513, 25),
(522, 'Paime', 518, 25),
(523, 'Pandi', 524, 25),
(524, 'Paratebueno', 530, 25),
(525, 'Pasca', 535, 25),
(526, 'Puerto salgar', 572, 25),
(527, 'Puli', 580, 25),
(528, 'Quebradanegra', 592, 25),
(529, 'Quetame', 594, 25),
(530, 'Quipile', 596, 25),
(531, 'Apulo', 599, 25),
(532, 'Ricaurte', 612, 25),
(533, 'San antonio del tequendama', 645, 25),
(534, 'San bernardo', 649, 25),
(535, 'San cayetano', 653, 25),
(536, 'San francisco', 658, 25),
(537, 'San juan de rio seco', 662, 25),
(538, 'Sasaima', 718, 25),
(539, 'Sesquile', 736, 25),
(540, 'Sibate', 740, 25),
(541, 'Silvania', 743, 25),
(542, 'Simijaca', 745, 25),
(543, 'Soacha', 754, 25),
(544, 'Sopo', 758, 25),
(545, 'Subachoque', 769, 25),
(546, 'Suesca', 772, 25),
(547, 'Supata', 777, 25),
(548, 'Susa', 779, 25),
(549, 'Sutatausa', 781, 25),
(550, 'Tabio', 785, 25),
(551, 'Tausa', 793, 25),
(552, 'Tena', 797, 25),
(553, 'Tenjo', 799, 25),
(554, 'Tibacuy', 805, 25),
(555, 'Tibirita', 807, 25),
(556, 'Tocaima', 815, 25),
(557, 'Tocancipa', 817, 25),
(558, 'Topaipi', 823, 25),
(559, 'Ubala', 839, 25),
(560, 'Ubaque', 841, 25),
(561, 'Villa de san diego de ubate', 843, 25),
(562, 'Une', 845, 25),
(563, 'Utica', 851, 25),
(564, 'Vergara', 862, 25),
(565, 'Viani', 867, 25),
(566, 'Villagomez', 871, 25),
(567, 'Villapinzon', 873, 25),
(568, 'Villeta', 875, 25),
(569, 'Viota', 878, 25),
(570, 'Yacopi', 885, 25),
(571, 'Zipacon', 898, 25),
(572, 'Zipaquira', 899, 25),
(573, 'Quibdo', 1, 27),
(574, 'Acandi', 6, 27),
(575, 'Alto baudo', 25, 27),
(576, 'Atrato', 50, 27),
(577, 'Bagado', 73, 27),
(578, 'Bahia solano', 75, 27),
(579, 'Bajo baudo', 77, 27),
(580, 'Bojaya', 99, 27),
(581, 'El canton del san pablo', 135, 27),
(582, 'Carmen del darien', 150, 27),
(583, 'Certegui', 160, 27),
(584, 'Condoto', 205, 27),
(585, 'El carmen de atrato', 245, 27),
(586, 'El litoral del san juan', 250, 27),
(587, 'Istmina', 361, 27),
(588, 'Jurado', 372, 27),
(589, 'Lloro', 413, 27),
(590, 'Medio atrato', 425, 27),
(591, 'Medio baudo', 430, 27),
(592, 'Medio san juan', 450, 27),
(593, 'Novita', 491, 27),
(594, 'Nuqui', 495, 27),
(595, 'Rio iro', 580, 27),
(596, 'Rio quito', 600, 27),
(597, 'Riosucio', 615, 27),
(598, 'San jose del palmar', 660, 27),
(599, 'Sipi', 745, 27),
(600, 'Tado', 787, 27),
(601, 'Unguia', 800, 27),
(602, 'Union panamericana', 810, 27),
(603, 'Neiva', 1, 41),
(604, 'Acevedo', 6, 41),
(605, 'Agrado', 13, 41),
(606, 'Aipe', 16, 41),
(607, 'Algeciras', 20, 41),
(608, 'Altamira', 26, 41),
(609, 'Baraya', 78, 41),
(610, 'Campoalegre', 132, 41),
(611, 'Colombia', 206, 41),
(612, 'Elias', 244, 41),
(613, 'Garzon', 298, 41),
(614, 'Gigante', 306, 41),
(615, 'Guadalupe', 319, 41),
(616, 'Hobo', 349, 41),
(617, 'Iquira', 357, 41),
(618, 'Isnos', 359, 41),
(619, 'La argentina', 378, 41),
(620, 'La plata', 396, 41),
(621, 'Nataga', 483, 41),
(622, 'Oporapa', 503, 41),
(623, 'Paicol', 518, 41),
(624, 'Palermo', 524, 41),
(625, 'Palestina', 530, 41),
(626, 'Pital', 548, 41),
(627, 'Pitalito', 551, 41),
(628, 'Rivera', 615, 41),
(629, 'Saladoblanco', 660, 41),
(630, 'San agustin', 668, 41),
(631, 'Santa maria', 676, 41),
(632, 'Suaza', 770, 41),
(633, 'Tarqui', 791, 41),
(634, 'Tesalia', 797, 41),
(635, 'Tello', 799, 41),
(636, 'Teruel', 801, 41),
(637, 'Timana', 807, 41),
(638, 'Villavieja', 872, 41),
(639, 'Yaguara', 885, 41),
(640, 'Riohacha', 1, 44),
(641, 'Albania', 35, 44),
(642, 'Barrancas', 78, 44),
(643, 'Dibulla', 90, 44),
(644, 'Distraccion', 98, 44),
(645, 'El molino', 110, 44),
(646, 'Fonseca', 279, 44),
(647, 'Hatonuevo', 378, 44),
(648, 'La jagua del pilar', 420, 44),
(649, 'Maicao', 430, 44),
(650, 'Manaure', 560, 44),
(651, 'San juan del cesar', 650, 44),
(652, 'Uribia', 847, 44),
(653, 'Urumita', 855, 44),
(654, 'Villanueva', 874, 44),
(655, 'Santa marta', 1, 47),
(656, 'Algarrobo', 30, 47),
(657, 'Aracataca', 53, 47),
(658, 'Ariguani', 58, 47),
(659, 'Cerro san antonio', 161, 47),
(660, 'Chibolo', 170, 47),
(661, 'Cienaga', 189, 47),
(662, 'Concordia', 205, 47),
(663, 'El banco', 245, 47),
(664, 'El piñon', 258, 47),
(665, 'El reten', 268, 47),
(666, 'Fundacion', 288, 47),
(667, 'Guamal', 318, 47),
(668, 'Nueva granada', 460, 47),
(669, 'Pedraza', 541, 47),
(670, 'Pijiño del carmen', 545, 47),
(671, 'Pivijay', 551, 47),
(672, 'Plato', 555, 47),
(673, 'Puebloviejo', 570, 47),
(674, 'Remolino', 605, 47),
(675, 'Sabanas de san angel', 660, 47),
(676, 'Salamina', 675, 47),
(677, 'San sebastian de buenavista', 692, 47),
(678, 'San zenon', 703, 47),
(679, 'Santa ana', 707, 47),
(680, 'Santa barbara de pinto', 720, 47),
(681, 'Sitionuevo', 745, 47),
(682, 'Tenerife', 798, 47),
(683, 'Zapayan', 960, 47),
(684, 'Zona bananera', 980, 47),
(685, 'Villavicencio', 1, 50),
(686, 'Acacias', 6, 50),
(687, 'Barranca de upia', 110, 50),
(688, 'Cabuyaro', 124, 50),
(689, 'Castilla la nueva', 150, 50),
(690, 'Cubarral', 223, 50),
(691, 'Cumaral', 226, 50),
(692, 'El calvario', 245, 50),
(693, 'El castillo', 251, 50),
(694, 'El dorado', 270, 50),
(695, 'Fuente de oro', 287, 50),
(696, 'Granada', 313, 50),
(697, 'Guamal', 318, 50),
(698, 'Mapiripan', 325, 50),
(699, 'Mesetas', 330, 50),
(700, 'La macarena', 350, 50),
(701, 'Uribe', 370, 50),
(702, 'Lejanias', 400, 50),
(703, 'Puerto concordia', 450, 50),
(704, 'Puerto gaitan', 568, 50),
(705, 'Puerto lopez', 573, 50),
(706, 'Puerto lleras', 577, 50),
(707, 'Puerto rico', 590, 50),
(708, 'Restrepo', 606, 50),
(709, 'San carlos de guaroa', 680, 50),
(710, 'San juan de arama', 683, 50),
(711, 'San juanito', 686, 50),
(712, 'San martin', 689, 50),
(713, 'Vistahermosa', 711, 50),
(714, 'Pasto', 1, 52),
(715, 'Alban', 19, 52),
(716, 'Aldana', 22, 52),
(717, 'Ancuya', 36, 52),
(718, 'Arboleda', 51, 52),
(719, 'Barbacoas', 79, 52),
(720, 'Belen', 83, 52),
(721, 'Buesaco', 110, 52),
(722, 'Colon', 203, 52),
(723, 'Consaca', 207, 52),
(724, 'Contadero', 210, 52),
(725, 'Cordoba', 215, 52),
(726, 'Cuaspud', 224, 52),
(727, 'Cumbal', 227, 52),
(728, 'Cumbitara', 233, 52),
(729, 'Chachagsi', 240, 52),
(730, 'El charco', 250, 52),
(731, 'El peñol', 254, 52),
(732, 'El rosario', 256, 52),
(733, 'El tablon de gomez', 258, 52),
(734, 'El tambo', 260, 52),
(735, 'Funes', 287, 52),
(736, 'Guachucal', 317, 52),
(737, 'Guaitarilla', 320, 52),
(738, 'Gualmatan', 323, 52),
(739, 'Iles', 352, 52),
(740, 'Imues', 354, 52),
(741, 'Ipiales', 356, 52),
(742, 'La cruz', 378, 52),
(743, 'La florida', 381, 52),
(744, 'La llanada', 385, 52),
(745, 'La tola', 390, 52),
(746, 'La union', 399, 52),
(747, 'Leiva', 405, 52),
(748, 'Linares', 411, 52),
(749, 'Los andes', 418, 52),
(750, 'Magsi', 427, 52),
(751, 'Mallama', 435, 52),
(752, 'Mosquera', 473, 52),
(753, 'Nariño', 480, 52),
(754, 'Olaya herrera', 490, 52),
(755, 'Ospina', 506, 52),
(756, 'Francisco pizarro', 520, 52),
(757, 'Policarpa', 540, 52),
(758, 'Potosi', 560, 52),
(759, 'Providencia', 565, 52),
(760, 'Puerres', 573, 52),
(761, 'Pupiales', 585, 52),
(762, 'Ricaurte', 612, 52),
(763, 'Roberto payan', 621, 52),
(764, 'Samaniego', 678, 52),
(765, 'Sandona', 683, 52),
(766, 'San bernardo', 685, 52),
(767, 'San lorenzo', 687, 52),
(768, 'San pablo', 693, 52),
(769, 'San pedro de cartago', 694, 52),
(770, 'Santa barbara', 696, 52),
(771, 'Santacruz', 699, 52),
(772, 'Sapuyes', 720, 52),
(773, 'Taminango', 786, 52),
(774, 'Tangua', 788, 52),
(775, 'San andres de tumaco', 835, 52),
(776, 'Tuquerres', 838, 52),
(777, 'Yacuanquer', 885, 52),
(778, 'Cucuta', 1, 54),
(779, 'Abrego', 3, 54),
(780, 'Arboledas', 51, 54),
(781, 'Bochalema', 99, 54),
(782, 'Bucarasica', 109, 54),
(783, 'Cacota', 125, 54),
(784, 'Cachira', 128, 54),
(785, 'Chinacota', 172, 54),
(786, 'Chitaga', 174, 54),
(787, 'Convencion', 206, 54),
(788, 'Cucutilla', 223, 54),
(789, 'Durania', 239, 54),
(790, 'El carmen', 245, 54),
(791, 'El tarra', 250, 54),
(792, 'El zulia', 261, 54),
(793, 'Gramalote', 313, 54),
(794, 'Hacari', 344, 54),
(795, 'Herran', 347, 54),
(796, 'Labateca', 377, 54),
(797, 'La esperanza', 385, 54),
(798, 'La playa', 398, 54),
(799, 'Los patios', 405, 54),
(800, 'Lourdes', 418, 54),
(801, 'Mutiscua', 480, 54),
(802, 'Ocaña', 498, 54),
(803, 'Pamplona', 518, 54),
(804, 'Pamplonita', 520, 54),
(805, 'Puerto santander', 553, 54),
(806, 'Ragonvalia', 599, 54),
(807, 'Salazar', 660, 54),
(808, 'San calixto', 670, 54),
(809, 'San cayetano', 673, 54),
(810, 'Santiago', 680, 54),
(811, 'Sardinata', 720, 54),
(812, 'Silos', 743, 54),
(813, 'Teorama', 800, 54),
(814, 'Tibu', 810, 54),
(815, 'Toledo', 820, 54),
(816, 'Villa caro', 871, 54),
(817, 'Villa del rosario', 874, 54),
(818, 'Armenia', 1, 63),
(819, 'Buenavista', 111, 63),
(820, 'Calarca', 130, 63),
(821, 'Circasia', 190, 63),
(822, 'Cordoba', 212, 63),
(823, 'Filandia', 272, 63),
(824, 'Genova', 302, 63),
(825, 'La tebaida', 401, 63),
(826, 'Montenegro', 470, 63),
(827, 'Pijao', 548, 63),
(828, 'Quimbaya', 594, 63),
(829, 'Salento', 690, 63),
(830, 'Pereira', 1, 66),
(831, 'Apia', 45, 66),
(832, 'Balboa', 75, 66),
(833, 'Belen de umbria', 88, 66),
(834, 'Dosquebradas', 170, 66),
(835, 'Guatica', 318, 66),
(836, 'La celia', 383, 66),
(837, 'La virginia', 400, 66),
(838, 'Marsella', 440, 66),
(839, 'Mistrato', 456, 66),
(840, 'Pueblo rico', 572, 66),
(841, 'Quinchia', 594, 66),
(842, 'Santa rosa de cabal', 682, 66),
(843, 'Santuario', 687, 66),
(844, 'Bucaramanga', 1, 68),
(845, 'Aguada', 13, 68),
(846, 'Albania', 20, 68),
(847, 'Aratoca', 51, 68),
(848, 'Barbosa', 77, 68),
(849, 'Barichara', 79, 68),
(850, 'Barrancabermeja', 81, 68),
(851, 'Betulia', 92, 68),
(852, 'Bolivar', 101, 68),
(853, 'Cabrera', 121, 68),
(854, 'California', 132, 68),
(855, 'Capitanejo', 147, 68),
(856, 'Carcasi', 152, 68),
(857, 'Cepita', 160, 68),
(858, 'Cerrito', 162, 68),
(859, 'Charala', 167, 68),
(860, 'Charta', 169, 68),
(861, 'Chima', 176, 68),
(862, 'Chipata', 179, 68),
(863, 'Cimitarra', 190, 68),
(864, 'Concepcion', 207, 68),
(865, 'Confines', 209, 68),
(866, 'Contratacion', 211, 68),
(867, 'Coromoro', 217, 68),
(868, 'Curiti', 229, 68),
(869, 'El carmen de chucuri', 235, 68),
(870, 'El guacamayo', 245, 68),
(871, 'El peñon', 250, 68),
(872, 'El playon', 255, 68),
(873, 'Encino', 264, 68),
(874, 'Enciso', 266, 68),
(875, 'Florian', 271, 68),
(876, 'Floridablanca', 276, 68),
(877, 'Galan', 296, 68),
(878, 'Gambita', 298, 68),
(879, 'Giron', 307, 68),
(880, 'Guaca', 318, 68),
(881, 'Guadalupe', 320, 68),
(882, 'Guapota', 322, 68),
(883, 'Guavata', 324, 68),
(884, 'Gsepsa', 327, 68),
(885, 'Hato', 344, 68),
(886, 'Jesus maria', 368, 68),
(887, 'Jordan', 370, 68),
(888, 'La belleza', 377, 68),
(889, 'Landazuri', 385, 68),
(890, 'La paz', 397, 68),
(891, 'Lebrija', 406, 68),
(892, 'Los santos', 418, 68),
(893, 'Macaravita', 425, 68),
(894, 'Malaga', 432, 68),
(895, 'Matanza', 444, 68),
(896, 'Mogotes', 464, 68),
(897, 'Molagavita', 468, 68),
(898, 'Ocamonte', 498, 68),
(899, 'Oiba', 500, 68),
(900, 'Onzaga', 502, 68),
(901, 'Palmar', 522, 68),
(902, 'Palmas del socorro', 524, 68),
(903, 'Paramo', 533, 68),
(904, 'Piedecuesta', 547, 68),
(905, 'Pinchote', 549, 68),
(906, 'Puente nacional', 572, 68),
(907, 'Puerto parra', 573, 68),
(908, 'Puerto wilches', 575, 68),
(909, 'Rionegro', 615, 68),
(910, 'Sabana de torres', 655, 68),
(911, 'San andres', 669, 68),
(912, 'San benito', 673, 68),
(913, 'San gil', 679, 68),
(914, 'San joaquin', 682, 68),
(915, 'San jose de miranda', 684, 68),
(916, 'San miguel', 686, 68),
(917, 'San vicente de chucuri', 689, 68),
(918, 'Santa barbara', 705, 68),
(919, 'Santa helena del opon', 720, 68),
(920, 'Simacota', 745, 68),
(921, 'Socorro', 755, 68),
(922, 'Suaita', 770, 68),
(923, 'Sucre', 773, 68),
(924, 'Surata', 780, 68),
(925, 'Tona', 820, 68),
(926, 'Valle de san jose', 855, 68),
(927, 'Velez', 861, 68),
(928, 'Vetas', 867, 68),
(929, 'Villanueva', 872, 68),
(930, 'Zapatoca', 895, 68),
(931, 'Sincelejo', 1, 70),
(932, 'Buenavista', 110, 70),
(933, 'Caimito', 124, 70),
(934, 'Coloso', 204, 70),
(935, 'Corozal', 215, 70),
(936, 'Coveñas', 221, 70),
(937, 'Chalan', 230, 70),
(938, 'El roble', 233, 70),
(939, 'Galeras', 235, 70),
(940, 'Guaranda', 265, 70),
(941, 'La union', 400, 70),
(942, 'Los palmitos', 418, 70),
(943, 'Majagual', 429, 70),
(944, 'Morroa', 473, 70),
(945, 'Ovejas', 508, 70),
(946, 'Palmito', 523, 70),
(947, 'Sampues', 670, 70),
(948, 'San benito abad', 678, 70),
(949, 'San juan de betulia', 702, 70),
(950, 'San marcos', 708, 70),
(951, 'San onofre', 713, 70),
(952, 'San pedro', 717, 70),
(953, 'San luis de since', 742, 70),
(954, 'Sucre', 771, 70),
(955, 'Santiago de tolu', 820, 70),
(956, 'Tolu viejo', 823, 70),
(957, 'Ibague', 1, 73),
(958, 'Alpujarra', 24, 73),
(959, 'Alvarado', 26, 73),
(960, 'Ambalema', 30, 73),
(961, 'Anzoategui', 43, 73),
(962, 'Armero', 55, 73),
(963, 'Ataco', 67, 73),
(964, 'Cajamarca', 124, 73),
(965, 'Carmen de apicala', 148, 73),
(966, 'Casabianca', 152, 73),
(967, 'Chaparral', 168, 73),
(968, 'Coello', 200, 73),
(969, 'Coyaima', 217, 73),
(970, 'Cunday', 226, 73),
(971, 'Dolores', 236, 73),
(972, 'Espinal', 268, 73),
(973, 'Falan', 270, 73),
(974, 'Flandes', 275, 73),
(975, 'Fresno', 283, 73),
(976, 'Guamo', 319, 73),
(977, 'Herveo', 347, 73),
(978, 'Honda', 349, 73),
(979, 'Icononzo', 352, 73),
(980, 'Lerida', 408, 73),
(981, 'Libano', 411, 73),
(982, 'Mariquita', 443, 73),
(983, 'Melgar', 449, 73),
(984, 'Murillo', 461, 73),
(985, 'Natagaima', 483, 73),
(986, 'Ortega', 504, 73),
(987, 'Palocabildo', 520, 73),
(988, 'Piedras', 547, 73),
(989, 'Planadas', 555, 73),
(990, 'Prado', 563, 73),
(991, 'Purificacion', 585, 73),
(992, 'Rioblanco', 616, 73),
(993, 'Roncesvalles', 622, 73),
(994, 'Rovira', 624, 73),
(995, 'Saldaña', 671, 73),
(996, 'San antonio', 675, 73),
(997, 'San luis', 678, 73),
(998, 'Santa isabel', 686, 73),
(999, 'Suarez', 770, 73),
(1000, 'Valle de san juan', 854, 73),
(1001, 'Venadillo', 861, 73),
(1002, 'Villahermosa', 870, 73),
(1003, 'Villarrica', 873, 73),
(1004, 'Cali', 1, 76),
(1005, 'Alcala', 20, 76),
(1006, 'Andalucia', 36, 76),
(1007, 'Ansermanuevo', 41, 76),
(1008, 'Argelia', 54, 76),
(1009, 'Bolivar', 100, 76),
(1010, 'Buenaventura', 109, 76),
(1011, 'Guadalajara de buga', 111, 76),
(1012, 'Bugalagrande', 113, 76),
(1013, 'Caicedonia', 122, 76),
(1014, 'Calima', 126, 76),
(1015, 'Candelaria', 130, 76),
(1016, 'Cartago', 147, 76),
(1017, 'Dagua', 233, 76),
(1018, 'El aguila', 243, 76),
(1019, 'El cairo', 246, 76),
(1020, 'El cerrito', 248, 76),
(1021, 'El dovio', 250, 76),
(1022, 'Florida', 275, 76),
(1023, 'Ginebra', 306, 76),
(1024, 'Guacari', 318, 76),
(1025, 'Jamundi', 364, 76),
(1026, 'La cumbre', 377, 76),
(1027, 'La union', 400, 76),
(1028, 'La victoria', 403, 76),
(1029, 'Obando', 497, 76),
(1030, 'Palmira', 520, 76),
(1031, 'Pradera', 563, 76),
(1032, 'Restrepo', 606, 76),
(1033, 'Riofrio', 616, 76),
(1034, 'Roldanillo', 622, 76),
(1035, 'San pedro', 670, 76),
(1036, 'Sevilla', 736, 76),
(1037, 'Toro', 823, 76),
(1038, 'Trujillo', 828, 76),
(1039, 'Tulua', 834, 76),
(1040, 'Ulloa', 845, 76),
(1041, 'Versalles', 863, 76),
(1042, 'Vijes', 869, 76),
(1043, 'Yotoco', 890, 76),
(1044, 'Yumbo', 892, 76),
(1045, 'Zarzal', 895, 76),
(1046, 'Arauca', 1, 81),
(1047, 'Arauquita', 65, 81),
(1048, 'Cravo norte', 220, 81),
(1049, 'Fortul', 300, 81),
(1050, 'Puerto rondon', 591, 81),
(1051, 'Saravena', 736, 81),
(1052, 'Tame', 794, 81),
(1053, 'Yopal', 1, 85),
(1054, 'Aguazul', 10, 85),
(1055, 'Chameza', 15, 85),
(1056, 'Hato corozal', 125, 85),
(1057, 'La salina', 136, 85),
(1058, 'Mani', 139, 85),
(1059, 'Monterrey', 162, 85),
(1060, 'Nunchia', 225, 85),
(1061, 'Orocue', 230, 85),
(1062, 'Paz de ariporo', 250, 85),
(1063, 'Pore', 263, 85),
(1064, 'Recetor', 279, 85),
(1065, 'Sabanalarga', 300, 85),
(1066, 'Sacama', 315, 85),
(1067, 'San luis de palenque', 325, 85),
(1068, 'Tamara', 400, 85),
(1069, 'Tauramena', 410, 85),
(1070, 'Trinidad', 430, 85),
(1071, 'Villanueva', 440, 85),
(1072, 'Mocoa', 1, 86),
(1073, 'Colon', 219, 86),
(1074, 'Orito', 320, 86),
(1075, 'Puerto asis', 568, 86),
(1076, 'Puerto caicedo', 569, 86),
(1077, 'Puerto guzman', 571, 86),
(1078, 'Leguizamo', 573, 86),
(1079, 'Sibundoy', 749, 86),
(1080, 'San francisco', 755, 86),
(1081, 'San miguel', 757, 86),
(1082, 'Santiago', 760, 86),
(1083, 'Valle del guamuez', 865, 86),
(1084, 'Villagarzon', 885, 86),
(1085, 'San andres', 1, 88),
(1086, 'Providencia', 564, 88),
(1087, 'Leticia', 1, 91),
(1088, 'El encanto', 263, 91),
(1089, 'La chorrera', 405, 91),
(1090, 'La pedrera', 407, 91),
(1091, 'La victoria', 430, 91),
(1092, 'Miriti - parana', 460, 91),
(1093, 'Puerto alegria', 530, 91),
(1094, 'Puerto arica', 536, 91),
(1095, 'Puerto nariño', 540, 91),
(1096, 'Puerto santander', 669, 91),
(1097, 'Tarapaca', 798, 91),
(1098, 'Inirida', 1, 94),
(1099, 'Barranco minas', 343, 94),
(1100, 'Mapiripana', 663, 94),
(1101, 'San felipe', 883, 94),
(1102, 'Puerto colombia', 884, 94),
(1103, 'La guadalupe', 885, 94),
(1104, 'Cacahual', 886, 94),
(1105, 'Pana pana', 887, 94),
(1106, 'Morichal', 888, 94),
(1107, 'San jose del guaviare', 1, 95),
(1108, 'Calamar', 15, 95),
(1109, 'El retorno', 25, 95),
(1110, 'Miraflores', 200, 95),
(1111, 'Mitu', 1, 97),
(1112, 'Caruru', 161, 97),
(1113, 'Pacoa', 511, 97),
(1114, 'Taraira', 666, 97),
(1115, 'Papunaua', 777, 97),
(1116, 'Yavarate', 889, 97),
(1117, 'Puerto carreño', 1, 99),
(1118, 'La primavera', 524, 99),
(1119, 'Santa rosalia', 624, 99),
(1120, 'Cumaribo', 773, 99),
(1121, 'Otro', NULL, NULL);

-- --------------------------------------------------------

--
-- Estructura de tabla para la tabla `pais`
--

DROP TABLE IF EXISTS `pais`;
CREATE TABLE IF NOT EXISTS `pais` (
  `id` int(10) UNSIGNED NOT NULL AUTO_INCREMENT,
  `nombre` text NOT NULL,
  PRIMARY KEY (`id`)
) ENGINE=InnoDB AUTO_INCREMENT=195 DEFAULT CHARSET=latin1;

--
-- Volcado de datos para la tabla `pais`
--

INSERT INTO `pais` (`id`, `nombre`) VALUES
(1, 'Colombia'),
(2, 'Afganistán'),
(3, 'Albania'),
(4, 'Alemania'),
(5, 'Andorra'),
(6, 'Angola'),
(7, 'Antigua y Barbuda'),
(8, 'Arabia Saudita'),
(9, 'Argelia'),
(10, 'Argentina'),
(11, 'Armenia'),
(12, 'Australia'),
(13, 'Austria'),
(14, 'Azerbaiyán'),
(15, 'Bahamas'),
(16, 'Bangladés'),
(17, 'Barbados'),
(18, 'Baréin'),
(19, 'Bélgica'),
(20, 'Belice'),
(21, 'Benín'),
(22, 'Bielorrusia'),
(23, 'Birmania'),
(24, 'Bolivia'),
(25, 'Bosnia y Herzegovina'),
(26, 'Botsuana'),
(27, 'Brasil'),
(28, 'Brunéi'),
(29, 'Bulgaria'),
(30, 'Burkina Faso'),
(31, 'Burundi'),
(32, 'Bután'),
(33, 'Cabo Verde'),
(34, 'Camboya'),
(35, 'Camerún'),
(36, 'Canadá'),
(37, 'Catar'),
(38, 'Chad'),
(39, 'Chile'),
(40, 'China'),
(41, 'Chipre'),
(42, 'Ciudad del Vaticano'),
(43, 'Comoras'),
(44, 'Corea del Norte'),
(45, 'Corea del Sur'),
(46, 'Costa de Marfil'),
(47, 'Costa Rica'),
(48, 'Croacia'),
(49, 'Cuba'),
(50, 'Dinamarca'),
(51, 'Dominica'),
(52, 'Ecuador'),
(53, 'Egipto'),
(54, 'El Salvador'),
(55, 'Emiratos Árabes Unidos'),
(56, 'Eritrea'),
(57, 'Eslovaquia'),
(58, 'Eslovenia'),
(59, 'España'),
(60, 'Estados Unidos'),
(61, 'Estonia'),
(62, 'Etiopía'),
(63, 'Filipinas'),
(64, 'Finlandia'),
(65, 'Fiyi'),
(66, 'Francia'),
(67, 'Gabón'),
(68, 'Gambia'),
(69, 'Georgia'),
(70, 'Ghana'),
(71, 'Granada'),
(72, 'Grecia'),
(73, 'Guatemala'),
(74, 'Guyana'),
(75, 'Guinea'),
(76, 'Guinea ecuatorial'),
(77, 'Guinea-Bisáu'),
(78, 'Haití'),
(79, 'Honduras'),
(80, 'Hungría'),
(81, 'India'),
(82, 'Indonesia'),
(83, 'Irak'),
(84, 'Irán'),
(85, 'Irlanda'),
(86, 'Islandia'),
(87, 'Islas Marshall'),
(88, 'Islas Salomón'),
(89, 'Israel'),
(90, 'Italia'),
(91, 'Jamaica'),
(92, 'Japón'),
(93, 'Jordania'),
(94, 'Kazajistán'),
(95, 'Kenia'),
(96, 'Kirguistán'),
(97, 'Kiribati'),
(98, 'Kuwait'),
(99, 'Laos'),
(100, 'Lesoto'),
(101, 'Letonia'),
(102, 'Líbano'),
(103, 'Liberia'),
(104, 'Libia'),
(105, 'Liechtenstein'),
(106, 'Lituania'),
(107, 'Luxemburgo'),
(108, 'Madagascar'),
(109, 'Malasia'),
(110, 'Malaui'),
(111, 'Maldivas'),
(112, 'Malí'),
(113, 'Malta'),
(114, 'Marruecos'),
(115, 'Mauricio'),
(116, 'Mauritania'),
(117, 'México'),
(118, 'Micronesia'),
(119, 'Moldavia'),
(120, 'Mónaco'),
(121, 'Mongolia'),
(122, 'Montenegro'),
(123, 'Mozambique'),
(124, 'Namibia'),
(125, 'Nauru'),
(126, 'Nepal'),
(127, 'Nicaragua'),
(128, 'Níger'),
(129, 'Nigeria'),
(130, 'Noruega'),
(131, 'Nueva Zelanda'),
(132, 'Omán'),
(133, 'Países Bajos'),
(134, 'Pakistán'),
(135, 'Palaos'),
(136, 'Panamá'),
(137, 'Papúa Nueva Guinea'),
(138, 'Paraguay'),
(139, 'Perú'),
(140, 'Polonia'),
(141, 'Portugal'),
(142, 'Reino Unido'),
(143, 'República Centroafricana'),
(144, 'República Checa'),
(145, 'República de Macedonia'),
(146, 'República del Congo'),
(147, 'República Democrática del Congo'),
(148, 'República Dominicana'),
(149, 'República Sudafricana'),
(150, 'Ruanda'),
(151, 'Rumanía'),
(152, 'Rusia'),
(153, 'Samoa'),
(154, 'San Cristóbal y Nieves'),
(155, 'San Marino'),
(156, 'San Vicente y las Granadinas'),
(157, 'Santa Lucía'),
(158, 'Santo Tomé y Príncipe'),
(159, 'Senegal'),
(160, 'Serbia'),
(161, 'Seychelles'),
(162, 'Sierra Leona'),
(163, 'Singapur'),
(164, 'Siria'),
(165, 'Somalia'),
(166, 'Sri Lanka'),
(167, 'Suazilandia'),
(168, 'Sudán'),
(169, 'Sudán del Sur'),
(170, 'Suecia'),
(171, 'Suiza'),
(172, 'Surinam'),
(173, 'Tailandia'),
(174, 'Tanzania'),
(175, 'Tayikistán'),
(176, 'Timor Oriental'),
(177, 'Togo'),
(178, 'Tonga'),
(179, 'Trinidad y Tobago'),
(180, 'Túnez'),
(181, 'Turkmenistán'),
(182, 'Turquía'),
(183, 'Tuvalu'),
(184, 'Ucrania'),
(185, 'Uganda'),
(186, 'Uruguay'),
(187, 'Uzbekistán'),
(188, 'Vanuatu'),
(189, 'Venezuela'),
(190, 'Vietnam'),
(191, 'Yemen'),
(192, 'Yibuti'),
(193, 'Zambia'),
(194, 'Zimbabue');

-- --------------------------------------------------------

--
-- Estructura de tabla para la tabla `situaciones_administrativas`
--

DROP TABLE IF EXISTS `situaciones_administrativas`;
CREATE TABLE IF NOT EXISTS `situaciones_administrativas` (
  `id_situaciones` int(11) NOT NULL AUTO_INCREMENT,
  `id_empleado` int(11) NOT NULL,
  `licencias` varchar(100) NOT NULL,
  `permisos` varchar(100) NOT NULL,
  `comision` text NOT NULL,
  `encargo` varchar(100) NOT NULL,
  `suspencionEjercicio` varchar(100) NOT NULL,
  `periodoPrueba` varchar(8) NOT NULL,
  `vacaciones` varchar(100) NOT NULL,
  `otros` varchar(100) NOT NULL,
  PRIMARY KEY (`id_situaciones`)
) ENGINE=MyISAM AUTO_INCREMENT=5 DEFAULT CHARSET=latin1;

--
-- Volcado de datos para la tabla `situaciones_administrativas`
--

INSERT INTO `situaciones_administrativas` (`id_situaciones`, `id_empleado`, `licencias`, `permisos`, `comision`, `encargo`, `suspencionEjercicio`, `periodoPrueba`, `vacaciones`, `otros`) VALUES
(1, 1, 'No remuneradas', 'Permisos sindical', 'Para adelantar estudios', 'Encargos en empleos de carrera', 'Suspención en el ejercicio del cargo por decisión judicial o fiscal', 'activo', 'Tiempo', 'EVALUACIÓN DEL DESEMPEÑO Y/O ACUERDOS DE GESTIÓN'),
(2, 2, 'No remuneradas', 'Permisos remunerados', 'Para adelantar estudios', 'Encargos en empleos de libre nombramiento y remoción', 'Suspención en el ejercicio del cargo por decisión judicial o fiscal', 'activo', 'Tiempo', 'EVALUACIÓN DEL DESEMPEÑO Y/O ACUERDOS DE GESTIÓN'),
(3, 3, 'Remuneradas', 'Permisos remunerados', 'De servicios', 'Encargos en empleos de carrera', 'Suspención en el ejercicio del cargo por decisión judicial o fiscal', 'activo', 'Periodo', 'PROCESOS DISCIPLINARIOS'),
(4, 25, 'Remuneradas', 'Permisos remunerados', 'Para desempeñar un cargo de libre nombramiento y remoción o de periodo, cuando el nombramiento recaiga en un empleado con derechos de carrera administrativa.', 'Encargos en empleos de libre nombramiento y remoción', 'Suspención en el ejercicio del cargo por decisión judicial o fiscal', 'activo', 'Tiempo', 'EVALUACIÓN DEL DESEMPEÑO Y/O ACUERDOS DE GESTIÓN');

-- --------------------------------------------------------

--
-- Estructura de tabla para la tabla `usuarios`
--

DROP TABLE IF EXISTS `usuarios`;
CREATE TABLE IF NOT EXISTS `usuarios` (
  `id_usuario` int(11) NOT NULL AUTO_INCREMENT,
  `nombre` varchar(30) NOT NULL,
  `apellido` varchar(30) NOT NULL,
  `usuario` varchar(20) NOT NULL,
  `password` varchar(20) NOT NULL,
  `correo` varchar(30) NOT NULL,
  `activo` int(11) NOT NULL,
  PRIMARY KEY (`id_usuario`)
) ENGINE=InnoDB AUTO_INCREMENT=2 DEFAULT CHARSET=utf8mb4;

--
-- Volcado de datos para la tabla `usuarios`
--

INSERT INTO `usuarios` (`id_usuario`, `nombre`, `apellido`, `usuario`, `password`, `correo`, `activo`) VALUES
(1, 'Duván', 'Carmona', 'duvan', '1234', 'dacarmona679@misena.edu.co', 1);
COMMIT;

/*!40101 SET CHARACTER_SET_CLIENT=@OLD_CHARACTER_SET_CLIENT */;
/*!40101 SET CHARACTER_SET_RESULTS=@OLD_CHARACTER_SET_RESULTS */;
/*!40101 SET COLLATION_CONNECTION=@OLD_COLLATION_CONNECTION */;
